scroll_name,column,line,emphatic_ratio,absolute_ratio,function_words_ratio,lexical_diversity,verb_ratio,passive_voice_ratio,plural_ratio,line_length,avg_word_len,v_then_noun_ratio,v_then_prep_ratio
11QtgJob_Job_Scroll,01,01,0.0,0.0,0.0,0.25,0.0,0.0,0.0,4.0,5.5,0.0,0.0
11QtgJob_Job_Scroll,01,02,0.0,0.0,0.0,0.5,0.0,0.0,0.0,3.0,6.0,0.0,0.0
11QtgJob_Job_Scroll,01,03,0.0,0.0,0.0,0.5,0.0,0.0,0.0,2.0,5.5,0.0,0.0
11QtgJob_Job_Scroll,01,04,0.0,0.0,0.0,0.0,0.0,0.0,0.0,5.0,4.2,0.0,0.0
11QtgJob_Job_Scroll,01,05,0.0,0.0,0.0,0.0,0.0,0.0,0.0,5.0,5.8,0.0,0.0
11QtgJob_Job_Scroll,01,06,0.0,0.0,0.0,0.0,0.0,0.0,0.0,4.0,5.25,0.0,0.0
11QtgJob_Job_Scroll,01,07,0.0,0.0,0.0,0.5,0.0,0.0,0.0,3.0,6.3333,0.0,0.0
11QtgJob_Job_Scroll,01,08,0.0,0.0,0.0,0.0,0.0,0.0,0.0,4.0,3.75,0.0,0.0
11QtgJob_Job_Scroll,02,01,0.0,0.0,0.0,0.25,1.0,1.0,0.0,4.0,5.5,0.0,0.0
11QtgJob_Job_Scroll,02,02,0.0,0.0,0.0,0.25,0.0,0.0,0.0,4.0,8.0,0.0,0.0
11QtgJob_Job_Scroll,02,03,0.0,0.0,0.0,0.5,0.6667,0.0,0.0,3.0,6.3333,0.0,0.0
11QtgJob_Job_Scroll,02,04,0.0,0.0,0.0,0.0,0.0,0.0,0.0,4.0,4.5,0.0,0.0
11QtgJob_Job_Scroll,02,05,0.0,0.0,0.0,0.25,0.0,0.0,0.0,4.0,4.0,0.0,0.0
11QtgJob_Job_Scroll,02,06,0.0,0.0,0.0,0.0,0.5,0.0,0.0,4.0,4.5,0.0,0.0
11QtgJob_Job_Scroll,02,07,0.0,0.0,0.0,0.5,0.0,0.0,0.0,3.0,6.6667,0.0,0.0
11QtgJob_Job_Scroll,02,08,0.0,0.0,0.0,0.0,0.0,0.0,0.0,4.0,3.25,0.0,0.0
11QtgJob_Job_Scroll,03,01,0.0,0.0,0.0,0.5,0.0,0.0,0.0,2.0,5.0,0.0,0.0
11QtgJob_Job_Scroll,03,02,0.0,0.0,0.0,0.5,0.0,0.0,0.0,1.0,4.0,0.0,0.0
11QtgJob_Job_Scroll,03,03,0.0,0.0,0.0,0.1667,0.3333,0.1667,0.0,6.0,5.8333,0.0,0.0
11QtgJob_Job_Scroll,03,04,0.0,0.0,0.0,0.4,0.0,0.0,0.0,5.0,4.4,0.0,0.0
11QtgJob_Job_Scroll,03,05,0.0,0.0,0.0,0.0,0.2857,0.0,0.0,7.0,3.5714,0.0,0.0
11QtgJob_Job_Scroll,03,06,0.0,0.0,0.0,0.0,0.0,0.0,0.0,5.0,4.8,0.0,0.0
11QtgJob_Job_Scroll,03,07,0.0,0.0,0.0,0.5,0.0,0.0,0.0,3.0,4.3333,0.0,0.0
11QtgJob_Job_Scroll,03,08,0.0,0.0,0.0,0.25,0.0,0.0,0.0,4.0,5.0,0.0,0.0
11QtgJob_Job_Scroll,04,01,0.0,0.0,0.0,0.5,0.0,0.0,0.0,3.0,6.0,0.0,0.0
11QtgJob_Job_Scroll,04,02,0.0,0.0,0.0,0.5,0.0,0.0,0.0,3.0,6.0,0.0,0.0
11QtgJob_Job_Scroll,04,03,0.0,0.0,0.0,0.0,0.0,0.0,0.0,5.0,3.0,0.0,0.0
11QtgJob_Job_Scroll,04,04,0.0,0.0,0.0,0.0,0.0,0.0,0.0,4.0,4.0,0.0,0.0
11QtgJob_Job_Scroll,04,05,0.0,0.0,0.0,0.25,0.0,0.0,0.0,4.0,4.0,0.0,0.0
11QtgJob_Job_Scroll,04,06,0.0,0.0,0.0,0.25,0.0,0.0,0.0,4.0,5.75,0.0,0.0
11QtgJob_Job_Scroll,04,07,0.0,0.0,0.0,0.5,0.0,0.0,0.0,3.0,6.3333,0.0,0.0
11QtgJob_Job_Scroll,04,08,0.0,0.0,0.0,0.5,0.0,0.0,0.0,3.0,5.0,0.0,0.0
11QtgJob_Job_Scroll,04,09,0.0,0.0,0.0,0.5,0.0,0.0,0.0,3.0,7.0,0.0,0.0
11QtgJob_Job_Scroll,05,01,0.0,0.0,0.0,0.2,0.0,0.0,0.0,5.0,5.2,0.0,0.0
11QtgJob_Job_Scroll,05,02,0.0,0.0,0.0,0.2,0.0,0.0,0.0,5.0,5.0,0.0,0.0
11QtgJob_Job_Scroll,05,03,0.0,0.0,0.0,0.3333,0.0,0.0,0.0,6.0,6.1667,0.0,0.0
11QtgJob_Job_Scroll,05,04,0.0,0.0,0.0,0.4,0.0,0.0,0.0,5.0,5.0,0.0,0.0
11QtgJob_Job_Scroll,05,05,0.0,0.0,0.0,0.1667,0.1667,0.0,0.0,6.0,4.6667,0.0,0.0
11QtgJob_Job_Scroll,05,06,0.0,0.0,0.0,0.0,0.0,0.0,0.0,5.0,4.0,0.0,0.0
11QtgJob_Job_Scroll,05,07,0.0,0.0,0.0,0.0,0.4,0.0,0.0,5.0,4.6,0.0,0.0
11QtgJob_Job_Scroll,05,08,0.0,0.0,0.0,0.5,0.0,0.0,0.0,3.0,6.0,0.0,0.0
11QtgJob_Job_Scroll,06,01,0.0,0.0,0.0,0.5,0.0,0.0,0.0,2.0,5.0,0.0,0.0
11QtgJob_Job_Scroll,06,02,0.0,0.0,0.0,0.5,0.0,0.0,0.0,2.0,5.0,0.0,0.0
11QtgJob_Job_Scroll,06,03,0.0,0.0,0.0,0.5,0.0,0.0,0.0,3.0,3.6667,0.0,0.0
11QtgJob_Job_Scroll,06,04,0.0,0.0,0.0,0.5,0.0,0.0,0.0,3.0,3.6667,0.0,0.0
11QtgJob_Job_Scroll,06,05,0.0,0.0,0.0,0.5,0.0,0.0,0.0,3.0,4.6667,0.0,0.0
11QtgJob_Job_Scroll,06,06,0.0,0.0,0.0,0.5,0.0,0.0,0.0,3.0,4.0,0.0,0.0
11QtgJob_Job_Scroll,06,07,0.0,0.0,0.0,0.5,0.0,0.0,0.0,3.0,4.6667,0.0,0.0
11QtgJob_Job_Scroll,06,08,0.0,0.0,0.0,0.5,0.0,0.0,0.0,2.0,5.5,0.0,0.0
11QtgJob_Job_Scroll,06,09,0.0,0.0,0.0,0.5,0.0,0.0,0.0,2.0,6.0,0.0,0.0
11QtgJob_Job_Scroll,07,01,0.0,0.0,0.0,0.5,0.3333,0.0,0.0,3.0,3.3333,0.0,0.0
11QtgJob_Job_Scroll,07,02,0.0,0.0,0.0,0.5,0.0,0.0,0.0,3.0,4.0,0.0,0.0
11QtgJob_Job_Scroll,07,03,0.0,0.0,0.0,0.5,0.0,0.0,0.0,3.0,3.6667,0.0,0.0
11QtgJob_Job_Scroll,07,04,0.0,0.0,0.0,0.5,0.0,0.0,0.0,3.0,5.0,0.0,0.0
11QtgJob_Job_Scroll,07,05,0.0,0.0,0.0,0.5,0.0,0.0,0.0,3.0,4.3333,0.0,0.0
11QtgJob_Job_Scroll,07,06,0.0,0.0,0.0,0.5,0.0,0.0,0.0,3.0,3.0,0.0,0.0
11QtgJob_Job_Scroll,07,07,0.0,0.0,0.0,0.5,0.0,0.0,0.0,2.0,5.0,0.0,0.0
11QtgJob_Job_Scroll,07,08,0.0,0.0,0.0,0.5,0.0,0.0,0.0,2.0,4.0,0.0,0.0
11QtgJob_Job_Scroll,07,09,0.0,0.0,0.0,0.5,0.0,0.0,0.0,1.0,4.0,0.0,0.0
11QtgJob_Job_Scroll,08,01,0.0,0.0,0.0,0.5,0.0,0.0,0.0,3.0,4.6667,0.0,0.0
11QtgJob_Job_Scroll,08,02,0.0,0.0,0.0,0.5,0.0,0.0,0.0,3.0,4.3333,0.0,0.0
11QtgJob_Job_Scroll,08,03,0.0,0.0,0.0,0.5,0.0,0.0,0.0,3.0,5.0,0.0,0.0
11QtgJob_Job_Scroll,08,04,0.0,0.0,0.0,0.5,0.0,0.0,0.0,3.0,5.0,0.0,0.0
11QtgJob_Job_Scroll,08,05,0.0,0.0,0.0,0.5,0.0,0.0,0.0,3.0,5.6667,0.0,0.0
11QtgJob_Job_Scroll,08,06,0.0,0.0,0.0,0.5,0.0,0.0,0.0,3.0,4.3333,0.0,0.0
11QtgJob_Job_Scroll,08,07,0.0,0.0,0.0,0.5,0.0,0.0,0.0,3.0,4.6667,0.0,0.0
11QtgJob_Job_Scroll,08,08,0.0,0.0,0.0,0.5,0.0,0.0,0.0,2.0,9.0,0.0,0.0
11QtgJob_Job_Scroll,08,09,0.0,0.0,0.0,0.5,0.0,0.0,0.0,2.0,4.5,0.0,0.0
11QtgJob_Job_Scroll,09,01,0.0,0.0,0.0,0.3333,0.0,0.0,0.0,6.0,6.0,0.0,0.0
11QtgJob_Job_Scroll,09,02,0.0,0.0,0.0,0.0,0.3333,0.1667,0.0,6.0,4.8333,0.0,0.0
11QtgJob_Job_Scroll,09,03,0.0,0.0,0.0,0.5,0.0,0.0,0.0,3.0,4.0,0.0,0.0
11QtgJob_Job_Scroll,09,04,0.0,0.0,0.0,0.1429,0.1429,0.0,0.0,7.0,4.0,0.0,0.0
11QtgJob_Job_Scroll,09,05,0.0,0.0,0.0,0.4,0.0,0.0,0.0,5.0,6.0,0.0,0.0
11QtgJob_Job_Scroll,09,06,0.0,0.0,0.0,0.0,0.5714,0.5714,0.0,7.0,3.1429,0.0,0.0
11QtgJob_Job_Scroll,09,07,0.0,0.0,0.0,0.2,0.0,0.0,0.0,5.0,4.4,0.0,0.0
11QtgJob_Job_Scroll,09,08,0.0,0.0,0.0,0.2,0.0,0.0,0.0,5.0,4.4,0.0,0.0
11QtgJob_Job_Scroll,09,09,0.0,0.0,0.0,0.25,0.0,0.0,0.0,4.0,5.75,0.0,0.0
11QtgJob_Job_Scroll,09,10,0.0,0.0,0.0,0.5,0.0,0.0,0.0,3.0,5.6667,0.0,0.0
11QtgJob_Job_Scroll,10,01,0.0,0.0,0.0,0.5,0.0,0.0,0.0,4.0,9.0,0.0,0.0
11QtgJob_Job_Scroll,10,02,0.0,0.0,0.0,0.25,0.5,0.25,0.0,4.0,4.75,0.0,0.0
11QtgJob_Job_Scroll,10,03,0.0,0.0,0.0,0.25,0.0,0.0,0.0,4.0,4.75,0.0,0.0
11QtgJob_Job_Scroll,10,04,0.0,0.0,0.0,0.0,0.0,0.0,0.0,6.0,4.1667,0.0,0.0
11QtgJob_Job_Scroll,10,05,0.0,0.0,0.0,0.0,0.0,0.0,0.0,7.0,3.8571,0.0,0.0
11QtgJob_Job_Scroll,10,06,0.0,0.0,0.0,0.5,0.0,0.0,0.0,2.0,5.0,0.0,0.0
11QtgJob_Job_Scroll,10,08,0.0,0.0,0.0,0.2,0.0,0.0,0.0,5.0,4.0,0.0,0.0
11QtgJob_Job_Scroll,10,09,0.0,0.0,0.0,0.0,0.0,0.0,0.0,5.0,4.8,0.0,0.0
11QtgJob_Job_Scroll,10,10,0.0,0.0,0.0,0.2,0.0,0.0,0.0,5.0,4.8,0.0,0.0
11QtgJob_Job_Scroll,11,01,0.0,0.0,0.0,0.5,0.0,0.0,0.0,4.0,4.25,0.0,0.0
11QtgJob_Job_Scroll,11,02,0.0,0.0,0.0,0.0,0.5,0.5,0.0,4.0,5.0,0.0,0.0
11QtgJob_Job_Scroll,11,03,0.0,0.0,0.0,0.5,0.0,0.0,0.0,3.0,5.0,0.0,0.0
11QtgJob_Job_Scroll,11,04,0.0,0.0,0.0,0.0,0.0,0.0,0.0,5.0,4.2,0.0,0.0
11QtgJob_Job_Scroll,11,05,0.0,0.0,0.0,0.2,0.0,0.0,0.0,5.0,4.4,0.0,0.0
11QtgJob_Job_Scroll,11,06,0.0,0.0,0.0,0.5,0.0,0.0,0.0,3.0,4.6667,0.0,0.0
11QtgJob_Job_Scroll,11,07,0.0,0.0,0.0,0.25,0.0,0.0,0.0,4.0,5.0,0.0,0.0
11QtgJob_Job_Scroll,11,08,0.0,0.0,0.0,0.25,0.0,0.0,0.0,4.0,8.25,0.0,0.0
11QtgJob_Job_Scroll,11,09,0.0,0.0,0.0,0.5,0.0,0.0,0.0,3.0,5.0,0.0,0.0
11QtgJob_Job_Scroll,11,10,0.0,0.0,0.0,0.25,0.0,0.0,0.0,4.0,4.25,0.0,0.0
11QtgJob_Job_Scroll,11,11,0.0,0.0,0.0,0.25,0.0,0.0,0.0,4.0,5.25,0.0,0.0
11QtgJob_Job_Scroll,12,01,0.0,0.0,0.0,0.5,0.0,0.0,0.0,2.0,4.0,0.0,0.0
11QtgJob_Job_Scroll,12,02,0.0,0.0,0.0,0.25,0.0,0.0,0.0,4.0,4.75,0.0,0.0
11QtgJob_Job_Scroll,12,03,0.0,0.0,0.0,0.0,0.0,0.0,0.0,4.0,3.0,0.0,0.0
11QtgJob_Job_Scroll,12,04,0.0,0.0,0.0,0.0,0.0,0.0,0.0,4.0,4.5,0.0,0.0
11QtgJob_Job_Scroll,12,05,0.0,0.0,0.0,0.5,0.0,0.0,0.0,3.0,4.3333,0.0,0.0
11QtgJob_Job_Scroll,12,06,0.0,0.0,0.0,0.5,0.0,0.0,0.0,3.0,5.6667,0.0,0.0
11QtgJob_Job_Scroll,12,07,0.0,0.0,0.0,0.5,0.0,0.0,0.0,2.0,7.0,0.0,0.0
11QtgJob_Job_Scroll,12,08,0.0,0.0,0.0,0.5,0.0,0.0,0.0,1.0,5.0,0.0,0.0
11QtgJob_Job_Scroll,12,09,0.0,0.0,0.0,0.5,0.0,0.0,0.0,2.0,4.0,0.0,0.0
11QtgJob_Job_Scroll,13,01,0.0,0.0,0.0,0.5,0.0,0.0,0.0,3.0,4.6667,0.0,0.0
11QtgJob_Job_Scroll,13,02,0.0,0.0,0.0,0.0,0.0,0.0,0.0,4.0,4.75,0.0,0.0
11QtgJob_Job_Scroll,13,03,0.0,0.0,0.0,0.5,0.0,0.0,0.0,3.0,5.6667,0.0,0.0
11QtgJob_Job_Scroll,13,04,0.0,0.0,0.0,0.2,0.0,0.0,0.0,5.0,5.2,0.0,0.0
11QtgJob_Job_Scroll,13,05,0.0,0.0,0.0,0.5,0.0,0.0,0.0,3.0,5.0,0.0,0.0
11QtgJob_Job_Scroll,13,06,0.0,0.0,0.0,0.5,0.3333,0.0,0.0,3.0,5.3333,0.0,0.0
11QtgJob_Job_Scroll,13,07,0.0,0.0,0.0,0.5,0.3333,0.0,0.0,3.0,5.3333,0.0,0.0
11QtgJob_Job_Scroll,13,08,0.0,0.0,0.0,0.5,0.0,0.0,0.0,3.0,5.6667,0.0,0.0
11QtgJob_Job_Scroll,13,09,0.0,0.0,0.0,0.5,0.0,0.0,0.0,3.0,5.6667,0.0,0.0
11QtgJob_Job_Scroll,13,10,0.0,0.0,0.0,0.5,0.0,0.0,0.0,2.0,5.0,0.0,0.0
11QtgJob_Job_Scroll,14,01,0.0,0.0,0.0,0.5,0.0,0.0,0.0,6.0,5.1667,0.0,0.0
11QtgJob_Job_Scroll,14,02,0.0,0.0,0.0,0.1667,0.3333,0.3333,0.0,6.0,5.3333,0.0,0.0
11QtgJob_Job_Scroll,14,03,0.0,0.0,0.0,0.1429,0.0,0.0,0.0,7.0,4.7143,0.0,0.0
11QtgJob_Job_Scroll,14,04,0.0,0.0,0.0,0.0,0.0,0.0,0.0,7.0,4.2857,0.0,0.0
11QtgJob_Job_Scroll,14,05,0.0,0.0,0.0,0.1667,0.0,0.0,0.0,6.0,4.3333,0.0,0.0
11QtgJob_Job_Scroll,14,06,0.0,0.0,0.0,0.0,0.2857,0.0,0.0,7.0,4.1429,0.0,0.0
11QtgJob_Job_Scroll,14,07,0.0,0.0,0.0,0.0,0.0,0.0,0.0,7.0,4.0,0.0,0.0
11QtgJob_Job_Scroll,14,08,0.0,0.0,0.0,0.1667,0.0,0.0,0.0,6.0,4.1667,0.0,0.0
11QtgJob_Job_Scroll,14,09,0.0,0.0,0.0,0.2,0.0,0.0,0.0,5.0,5.4,0.0,0.0
11QtgJob_Job_Scroll,14,10,0.0,0.0,0.0,0.25,0.0,0.0,0.0,4.0,5.5,0.0,0.0
11QtgJob_Job_Scroll,14,11,0.0,0.0,0.0,0.5,0.6667,0.0,0.0,3.0,5.3333,0.0,0.0
11QtgJob_Job_Scroll,15,01,0.0,0.0,0.0,0.1667,0.3333,0.0,0.0,6.0,4.6667,0.0,0.0
11QtgJob_Job_Scroll,15,02,0.0,0.0,0.0,0.1667,0.0,0.0,0.0,6.0,4.1667,0.0,0.0
11QtgJob_Job_Scroll,15,03,0.0,0.0,0.0,0.2857,0.0,0.0,0.0,7.0,4.1429,0.0,0.0
11QtgJob_Job_Scroll,15,04,0.0,0.0,0.0,0.1429,0.0,0.0,0.0,7.0,4.2857,0.0,0.0
11QtgJob_Job_Scroll,15,05,0.0,0.0,0.0,0.1429,0.0,0.0,0.0,7.0,4.5714,0.0,0.0
11QtgJob_Job_Scroll,15,06,0.0,0.0,0.0,0.1429,0.0,0.0,0.0,7.0,4.5714,0.0,0.0
11QtgJob_Job_Scroll,15,07,0.0,0.0,0.0,0.1667,0.0,0.0,0.0,6.0,4.3333,0.0,0.0
11QtgJob_Job_Scroll,15,08,0.0,0.0,0.0,0.2,0.0,0.0,0.0,5.0,4.6,0.0,0.0
11QtgJob_Job_Scroll,15,09,0.0,0.0,0.0,0.5,0.0,0.0,0.0,3.0,6.6667,0.0,0.0
11QtgJob_Job_Scroll,16,01,0.0,0.0,0.0,0.25,0.0,0.0,0.0,4.0,4.25,0.0,0.0
11QtgJob_Job_Scroll,16,02,0.0,0.0,0.0,0.2,0.0,0.0,0.0,5.0,4.2,0.0,0.0
11QtgJob_Job_Scroll,16,03,0.0,0.0,0.0,0.0,0.0,0.0,0.0,4.0,5.75,0.0,0.0
11QtgJob_Job_Scroll,16,04,0.0,0.0,0.0,0.6,0.0,0.0,0.0,5.0,6.0,0.0,0.0
11QtgJob_Job_Scroll,16,05,0.0,0.0,0.0,0.2,0.0,0.0,0.0,5.0,4.4,0.0,0.0
11QtgJob_Job_Scroll,16,06,0.0,0.0,0.0,0.0,0.0,0.0,0.0,4.0,6.0,0.0,0.0
11QtgJob_Job_Scroll,16,07,0.0,0.0,0.0,0.2,0.0,0.0,0.0,5.0,5.8,0.0,0.0
11QtgJob_Job_Scroll,16,08,0.0,0.0,0.0,0.0,0.0,0.0,0.0,5.0,5.0,0.0,0.0
11QtgJob_Job_Scroll,16,09,0.0,0.0,0.0,0.5,0.0,0.0,0.0,3.0,6.6667,0.0,0.0
11QtgJob_Job_Scroll,16,10,0.0,0.0,0.0,0.5,0.0,0.0,0.0,3.0,5.0,0.0,0.0
11QtgJob_Job_Scroll,17,01,0.0,0.0,0.0,0.5,0.0,0.0,0.0,2.0,4.5,0.0,0.0
11QtgJob_Job_Scroll,17,02,0.0,0.0,0.0,0.5,0.0,0.0,0.0,2.0,5.0,0.0,0.0
11QtgJob_Job_Scroll,17,03,0.0,0.0,0.0,0.5,0.0,0.0,0.0,2.0,5.0,0.0,0.0
11QtgJob_Job_Scroll,17,04,0.0,0.0,0.0,0.5,1.0,0.0,0.0,2.0,5.0,0.0,0.0
11QtgJob_Job_Scroll,17,05,0.0,0.0,0.0,0.5,0.0,0.0,0.0,2.0,4.5,0.0,0.0
11QtgJob_Job_Scroll,17,06,0.0,0.0,0.0,0.5,0.0,0.0,0.0,2.0,5.0,0.0,0.0
11QtgJob_Job_Scroll,17,07,0.0,0.0,0.0,0.5,0.0,0.0,0.0,2.0,5.0,0.0,0.0
11QtgJob_Job_Scroll,17,08,0.0,0.0,0.0,0.0,0.0,0.0,0.0,4.0,5.25,0.0,0.0
11QtgJob_Job_Scroll,18,01,0.0,0.0,0.0,0.5,0.0,0.0,0.0,3.0,5.3333,0.0,0.0
11QtgJob_Job_Scroll,18,02,0.0,0.0,0.0,0.5,0.0,0.0,0.0,3.0,4.6667,0.0,0.0
11QtgJob_Job_Scroll,18,03,0.0,0.0,0.0,0.0,0.0,0.0,0.0,4.0,4.5,0.0,0.0
11QtgJob_Job_Scroll,18,04,0.0,0.0,0.0,0.1667,0.0,0.0,0.0,6.0,3.6667,0.0,0.0
11QtgJob_Job_Scroll,18,05,0.0,0.0,0.0,0.0,0.0,0.0,0.0,6.0,4.3333,0.0,0.0
11QtgJob_Job_Scroll,18,06,0.0,0.0,0.0,0.3333,0.1667,0.0,0.0,6.0,4.3333,0.0,0.0
11QtgJob_Job_Scroll,18,07,0.0,0.0,0.0,0.0,0.8,0.8,0.0,5.0,4.0,0.0,0.0
11QtgJob_Job_Scroll,18,08,0.0,0.0,0.0,0.5,0.3333,0.0,0.0,3.0,4.6667,0.0,0.0
11QtgJob_Job_Scroll,18,09,0.0,0.0,0.0,0.0,0.0,0.0,0.0,4.0,4.75,0.0,0.0
11QtgJob_Job_Scroll,19,01,0.0,0.0,0.0,0.5,0.0,0.0,0.0,3.0,4.3333,0.0,0.0
11QtgJob_Job_Scroll,19,02,0.0,0.0,0.0,0.2,0.0,0.0,0.0,5.0,4.4,0.0,0.0
11QtgJob_Job_Scroll,19,03,0.0,0.0,0.0,0.2,0.0,0.0,0.0,5.0,4.8,0.0,0.0
11QtgJob_Job_Scroll,19,04,0.0,0.0,0.0,0.5,0.0,0.0,0.0,3.0,5.0,0.0,0.0
11QtgJob_Job_Scroll,19,05,0.0,0.0,0.0,0.5,0.0,0.0,0.0,4.0,5.0,0.0,0.0
11QtgJob_Job_Scroll,19,06,0.0,0.0,0.0,0.25,0.0,0.0,0.0,4.0,5.5,0.0,0.0
11QtgJob_Job_Scroll,19,07,0.0,0.0,0.0,0.0,0.0,0.0,0.0,5.0,4.2,0.0,0.0
11QtgJob_Job_Scroll,19,08,0.0,0.0,0.0,0.5,0.0,0.0,0.0,3.0,3.6667,0.0,0.0
11QtgJob_Job_Scroll,19,09,0.0,0.0,0.0,0.5,0.0,0.0,0.0,2.0,3.0,0.0,0.0
11QtgJob_Job_Scroll,20,01,0.0,0.0,0.0,0.5,0.0,0.0,0.0,3.0,3.6667,0.0,0.0
11QtgJob_Job_Scroll,20,02,0.0,0.0,0.0,0.5,0.0,0.0,0.0,3.0,4.6667,0.0,0.0
11QtgJob_Job_Scroll,20,03,0.0,0.0,0.0,0.5,0.6667,0.3333,0.0,3.0,4.6667,0.0,0.0
11QtgJob_Job_Scroll,20,04,0.0,0.0,0.0,0.5,0.0,0.0,0.0,3.0,3.6667,0.0,0.0
11QtgJob_Job_Scroll,20,06,0.0,0.0,0.0,0.5,0.0,0.0,0.0,3.0,3.6667,0.0,0.0
11QtgJob_Job_Scroll,20,07,0.0,0.0,0.0,0.5,0.0,0.0,0.0,3.0,4.0,0.0,0.0
11QtgJob_Job_Scroll,20,08,0.0,0.0,0.0,0.5,0.0,0.0,0.0,3.0,3.3333,0.0,0.0
11QtgJob_Job_Scroll,20,09,0.0,0.0,0.0,0.5,0.0,0.0,0.0,2.0,4.0,0.0,0.0
11QtgJob_Job_Scroll,21,01,0.0,0.0,0.0,0.0,0.0,0.0,0.0,6.0,3.1667,0.0,0.0
11QtgJob_Job_Scroll,21,02,0.0,0.0,0.0,0.0,0.0,0.0,0.0,5.0,4.2,0.0,0.0
11QtgJob_Job_Scroll,21,03,0.0,0.0,0.0,0.1667,0.0,0.0,0.0,6.0,4.1667,0.0,0.0
11QtgJob_Job_Scroll,21,04,0.0,0.0,0.0,0.0,0.0,0.0,0.0,4.0,5.5,0.0,0.0
11QtgJob_Job_Scroll,21,05,0.0,0.0,0.0,0.2,0.0,0.0,0.0,5.0,4.0,0.0,0.0
11QtgJob_Job_Scroll,21,06,0.0,0.0,0.0,0.2,0.4,0.2,0.0,5.0,4.2,0.0,0.0
11QtgJob_Job_Scroll,21,07,0.0,0.0,0.0,0.5,0.0,0.0,0.0,4.0,5.0,0.0,0.0
11QtgJob_Job_Scroll,21,08,0.0,0.0,0.0,0.2,0.8,0.8,0.0,5.0,4.0,0.0,0.0
11QtgJob_Job_Scroll,21,09,0.0,0.0,0.0,0.2,0.0,0.0,0.0,5.0,4.2,0.0,0.0
11QtgJob_Job_Scroll,22,01,0.0,0.0,0.0,0.0,0.0,0.0,0.0,6.0,4.0,0.0,0.0
11QtgJob_Job_Scroll,22,02,0.0,0.0,0.0,0.2857,0.1429,0.0,0.0,7.0,4.0,0.0,0.0
11QtgJob_Job_Scroll,22,03,0.0,0.0,0.0,0.2857,0.0,0.0,0.0,7.0,3.5714,0.0,0.0
11QtgJob_Job_Scroll,22,04,0.0,0.0,0.0,0.0,0.0,0.0,0.0,7.0,3.7143,0.0,0.0
11QtgJob_Job_Scroll,22,05,0.0,0.0,0.0,0.2857,0.0,0.0,0.0,7.0,3.8571,0.0,0.0
11QtgJob_Job_Scroll,22,06,0.0,0.0,0.0,0.0,0.0,0.0,0.0,7.0,3.7143,0.0,0.0
11QtgJob_Job_Scroll,22,07,0.0,0.0,0.0,0.1667,0.0,0.0,0.0,6.0,5.0,0.0,0.0
11QtgJob_Job_Scroll,22,08,0.0,0.0,0.0,0.0,0.0,0.0,0.0,6.0,4.3333,0.0,0.0
11QtgJob_Job_Scroll,22,09,0.0,0.0,0.0,0.4,0.0,0.0,0.0,5.0,5.4,0.0,0.0
11QtgJob_Job_Scroll,22,10,0.0,0.0,0.0,0.2,0.4,0.0,0.0,5.0,4.4,0.0,0.0
11QtgJob_Job_Scroll,23,01,0.0,0.0,0.0,0.25,0.0,0.0,0.0,8.0,4.625,0.0,0.0
11QtgJob_Job_Scroll,23,02,0.0,0.0,0.0,0.2,0.2,0.0,0.0,5.0,4.6,0.0,0.0
11QtgJob_Job_Scroll,23,03,0.0,0.0,0.0,0.2857,0.2857,0.1429,0.0,7.0,5.2857,0.0,0.0
11QtgJob_Job_Scroll,23,04,0.0,0.0,0.0,0.6,0.4,0.4,0.0,5.0,5.2,0.0,0.0
11QtgJob_Job_Scroll,23,05,0.0,0.0,0.0,0.3333,0.0,0.0,0.0,6.0,4.5,0.0,0.0
11QtgJob_Job_Scroll,23,06,0.0,0.0,0.0,0.25,0.0,0.0,0.0,4.0,6.0,0.0,0.0
11QtgJob_Job_Scroll,23,07,0.0,0.0,0.0,0.2,0.4,0.4,0.0,5.0,4.0,0.0,0.0
11QtgJob_Job_Scroll,23,08,0.0,0.0,0.0,0.0,0.0,0.0,0.0,4.0,4.5,0.0,0.0
11QtgJob_Job_Scroll,23,09,0.0,0.0,0.0,0.0,0.2,0.0,0.0,5.0,4.2,0.0,0.0
11QtgJob_Job_Scroll,24,01,0.0,0.0,0.0,0.1429,0.0,0.0,0.0,7.0,5.0,0.0,0.0
11QtgJob_Job_Scroll,24,02,0.0,0.0,0.0,0.0,0.1429,0.0,0.0,7.0,3.5714,0.0,0.0
11QtgJob_Job_Scroll,24,03,0.0,0.0,0.0,0.0,0.0,0.0,0.0,5.0,4.2,0.0,0.0
11QtgJob_Job_Scroll,24,04,0.0,0.0,0.0,0.0,0.0,0.0,0.0,7.0,3.5714,0.0,0.0
11QtgJob_Job_Scroll,24,05,0.0,0.0,0.0,0.125,0.0,0.0,0.0,8.0,3.75,0.0,0.0
11QtgJob_Job_Scroll,24,06,0.0,0.0,0.0,0.25,0.0,0.0,0.0,4.0,4.0,0.0,0.0
11QtgJob_Job_Scroll,24,07,0.0,0.0,0.0,0.1429,0.1429,0.0,0.0,7.0,4.1429,0.0,0.0
11QtgJob_Job_Scroll,24,08,0.0,0.0,0.0,0.2857,0.0,0.0,0.0,7.0,4.5714,0.0,0.0
11QtgJob_Job_Scroll,24,09,0.0,0.0,0.0,0.5,0.3333,0.0,0.0,3.0,5.3333,0.0,0.0
11QtgJob_Job_Scroll,24,10,0.0,0.0,0.0,0.5,0.0,0.0,0.0,3.0,7.3333,0.0,0.0
11QtgJob_Job_Scroll,25,01,0.0,0.0,0.0,0.1667,0.6667,0.6667,0.0,6.0,5.6667,0.0,0.0
11QtgJob_Job_Scroll,25,02,0.0,0.0,0.0,0.2857,0.0,0.0,0.0,7.0,4.7143,0.0,0.0
11QtgJob_Job_Scroll,25,03,0.0,0.0,0.0,0.1429,0.0,0.0,0.0,7.0,4.8571,0.0,0.0
11QtgJob_Job_Scroll,25,04,0.0,0.0,0.0,0.1667,0.0,0.0,0.0,6.0,5.0,0.0,0.0
11QtgJob_Job_Scroll,25,05,0.0,0.0,0.0,0.0,0.2857,0.1429,0.0,7.0,4.0,0.0,0.0
11QtgJob_Job_Scroll,25,06,0.0,0.0,0.0,0.0,0.4,0.4,0.0,5.0,5.6,0.0,0.0
11QtgJob_Job_Scroll,25,07,0.0,0.0,0.0,0.0,0.0,0.0,0.0,5.0,5.2,0.0,0.0
11QtgJob_Job_Scroll,25,08,0.0,0.0,0.0,0.0,0.0,0.0,0.0,5.0,3.8,0.0,0.0
11QtgJob_Job_Scroll,25,09,0.0,0.0,0.0,0.2,0.0,0.0,0.0,5.0,4.0,0.0,0.0
11QtgJob_Job_Scroll,25,10,0.0,0.0,0.0,0.5,0.0,0.0,0.0,2.0,7.0,0.0,0.0
11QtgJob_Job_Scroll,26,01,0.0,0.0,0.0,0.1429,0.0,0.0,0.0,7.0,4.8571,0.0,0.0
11QtgJob_Job_Scroll,26,02,0.0,0.0,0.0,0.1,0.0,0.0,0.0,10.0,3.6,0.0,0.0
11QtgJob_Job_Scroll,26,03,0.0,0.0,0.0,0.25,0.0,0.0,0.0,4.0,5.25,0.0,0.0
11QtgJob_Job_Scroll,26,04,0.0,0.0,0.0,0.1667,0.0,0.0,0.0,6.0,4.6667,0.0,0.0
11QtgJob_Job_Scroll,26,05,0.0,0.0,0.0,0.0,0.1429,0.0,0.0,7.0,4.7143,0.0,0.0
11QtgJob_Job_Scroll,26,06,0.0,0.0,0.0,0.25,0.0,0.0,0.0,8.0,4.25,0.0,0.0
11QtgJob_Job_Scroll,26,07,0.0,0.0,0.0,0.1667,0.0,0.0,0.0,6.0,4.5,0.0,0.0
11QtgJob_Job_Scroll,26,08,0.0,0.0,0.0,0.1667,0.0,0.0,0.0,6.0,6.6667,0.0,0.0
11QtgJob_Job_Scroll,26,09,0.0,0.0,0.0,0.0,0.2,0.0,0.0,5.0,4.0,0.0,0.0
11QtgJob_Job_Scroll,26,10,0.0,0.0,0.0,0.5,0.0,0.0,0.0,3.0,5.0,0.0,0.0
11QtgJob_Job_Scroll,27,01,0.0,0.0,0.0,0.0,1.3333,0.8333,0.0,6.0,5.6667,0.0,0.0
11QtgJob_Job_Scroll,27,02,0.0,0.0,0.0,0.2857,0.0,0.0,0.0,7.0,4.8571,0.0,0.0
11QtgJob_Job_Scroll,27,03,0.0,0.0,0.0,0.2857,1.1429,0.7143,0.0,7.0,6.1429,0.0,0.0
11QtgJob_Job_Scroll,27,04,0.0,0.0,0.0,0.0,0.2857,0.1429,0.0,7.0,5.4286,0.0,0.0
11QtgJob_Job_Scroll,27,05,0.0,0.0,0.0,0.4286,0.1429,0.0,0.0,7.0,6.0,0.0,0.0
11QtgJob_Job_Scroll,27,06,0.0,0.0,0.0,0.5,0.0,0.0,0.0,6.0,5.3333,0.0,0.0
11QtgJob_Job_Scroll,27,07,0.0,0.0,0.0,0.1667,0.1667,0.0,0.0,6.0,4.8333,0.0,0.0
11QtgJob_Job_Scroll,27,08,0.0,0.0,0.0,0.4,0.0,0.0,0.0,5.0,6.2,0.0,0.0
11QtgJob_Job_Scroll,27,09,0.0,0.0,0.0,0.25,0.0,0.0,0.0,4.0,4.75,0.0,0.0
11QtgJob_Job_Scroll,27,10,0.0,0.0,0.0,0.5,0.0,0.0,0.0,1.0,15.0,0.0,0.0
11QtgJob_Job_Scroll,28,01,0.0,0.0,0.0,0.0,0.0,0.0,0.0,9.0,4.6667,0.0,0.0
11QtgJob_Job_Scroll,28,02,0.0,0.0,0.0,0.1111,0.4444,0.4444,0.0,9.0,4.6667,0.0,0.0
11QtgJob_Job_Scroll,28,03,0.0,0.0,0.0,0.125,0.0,0.0,0.0,8.0,4.125,0.0,0.0
11QtgJob_Job_Scroll,28,04,0.0,0.0,0.0,0.125,0.25,0.0,0.0,8.0,4.625,0.0,0.0
11QtgJob_Job_Scroll,28,05,0.0,0.0,0.0,0.2857,0.2857,0.0,0.0,7.0,5.7143,0.0,0.0
11QtgJob_Job_Scroll,28,06,0.0,0.0,0.0,0.0,0.0,0.0,0.0,6.0,3.3333,0.0,0.0
11QtgJob_Job_Scroll,28,07,0.0,0.0,0.0,0.2,0.0,0.0,0.0,5.0,5.0,0.0,0.0
11QtgJob_Job_Scroll,28,08,0.0,0.0,0.0,0.0,0.0,0.0,0.0,6.0,4.5,0.0,0.0
11QtgJob_Job_Scroll,28,09,0.0,0.0,0.0,0.0,0.0,0.0,0.0,4.0,4.5,0.0,0.0
11QtgJob_Job_Scroll,28,10,0.0,0.0,0.0,0.0,0.0,0.0,0.0,4.0,6.0,0.0,0.0
11QtgJob_Job_Scroll,29,01,0.0,0.0,0.0,0.1,0.0,0.0,0.0,10.0,4.4,0.0,0.0
11QtgJob_Job_Scroll,29,02,0.0,0.0,0.0,0.25,0.0,0.0,0.0,8.0,4.5,0.0,0.0
11QtgJob_Job_Scroll,29,03,0.0,0.0,0.0,0.0,0.0,0.0,0.0,10.0,3.2,0.0,0.0
11QtgJob_Job_Scroll,29,04,0.0,0.0,0.0,0.2222,0.0,0.0,0.0,9.0,3.8889,0.0,0.0
11QtgJob_Job_Scroll,29,05,0.0,0.0,0.0,0.25,0.625,0.5,0.0,8.0,4.375,0.0,0.0
11QtgJob_Job_Scroll,29,06,0.0,0.0,0.0,0.25,0.25,0.0,0.0,8.0,6.875,0.0,0.0
11QtgJob_Job_Scroll,29,07,0.0,0.0,0.0,0.2857,0.2857,0.0,0.0,7.0,6.8571,0.0,0.0
11QtgJob_Job_Scroll,29,08,0.0,0.0,0.0,0.0,0.2222,0.0,0.0,9.0,4.3333,0.0,0.0
11QtgJob_Job_Scroll,29,09,0.0,0.0,0.0,0.0,0.5,0.0,0.0,4.0,7.25,0.0,0.0
11QtgJob_Job_Scroll,30,01,0.0,0.0,0.0,0.4286,0.2857,0.1429,0.0,7.0,6.0,0.0,0.0
11QtgJob_Job_Scroll,30,02,0.0,0.0,0.0,0.125,0.375,0.0,0.0,8.0,4.0,0.0,0.0
11QtgJob_Job_Scroll,30,03,0.0,0.0,0.0,0.0,0.2,0.0,0.0,10.0,3.1,0.0,0.0
11QtgJob_Job_Scroll,30,04,0.0,0.0,0.0,0.1,0.4,0.4,0.0,10.0,4.8,0.0,0.0
11QtgJob_Job_Scroll,30,05,0.0,0.0,0.0,0.125,0.0,0.0,0.0,8.0,4.75,0.0,0.0
11QtgJob_Job_Scroll,30,06,0.0,0.0,0.0,0.4286,0.0,0.0,0.0,7.0,4.7143,0.0,0.0
11QtgJob_Job_Scroll,30,07,0.0,0.0,0.0,0.2857,0.0,0.0,0.0,7.0,6.4286,0.0,0.0
11QtgJob_Job_Scroll,30,08,0.0,0.0,0.0,0.125,0.0,0.0,0.0,8.0,4.875,0.0,0.0
11QtgJob_Job_Scroll,30,09,0.0,0.0,0.0,0.2857,0.0,0.0,0.0,7.0,5.4286,0.0,0.0
11QtgJob_Job_Scroll,30,10,0.0,0.0,0.0,0.5,0.0,0.0,0.0,3.0,7.0,0.0,0.0
11QtgJob_Job_Scroll,31,01,0.0,0.0,0.0,0.25,0.0,0.0,0.0,4.0,5.5,0.0,0.0
11QtgJob_Job_Scroll,31,02,0.0,0.0,0.0,0.125,0.0,0.0,0.0,8.0,3.75,0.0,0.0
11QtgJob_Job_Scroll,31,03,0.0,0.0,0.0,0.125,0.0,0.0,0.0,8.0,4.375,0.0,0.0
11QtgJob_Job_Scroll,31,04,0.0,0.0,0.0,0.1429,0.0,0.0,0.0,7.0,4.2857,0.0,0.0
11QtgJob_Job_Scroll,31,05,0.0,0.0,0.0,0.25,0.0,0.0,0.0,8.0,3.875,0.0,0.0
11QtgJob_Job_Scroll,31,06,0.0,0.0,0.0,0.2222,0.0,0.0,0.0,9.0,4.2222,0.0,0.0
11QtgJob_Job_Scroll,31,07,0.0,0.0,0.0,0.25,0.0,0.0,0.0,8.0,5.5,0.0,0.0
11QtgJob_Job_Scroll,31,08,0.0,0.0,0.0,0.0,0.0,0.0,0.0,6.0,5.5,0.0,0.0
11QtgJob_Job_Scroll,31,09,0.0,0.0,0.0,0.0,0.0,0.0,0.0,5.0,4.2,0.0,0.0
11QtgJob_Job_Scroll,32,01,0.0,0.0,0.0,0.1429,0.0,0.0,0.0,7.0,5.7143,0.0,0.0
11QtgJob_Job_Scroll,32,02,0.0,0.0,0.0,0.2857,0.2857,0.0,0.0,7.0,5.0,0.0,0.0
11QtgJob_Job_Scroll,32,03,0.0,0.0,0.0,0.375,0.25,0.125,0.0,8.0,4.5,0.0,0.0
11QtgJob_Job_Scroll,32,04,0.0,0.0,0.0,0.125,0.0,0.0,0.0,8.0,3.875,0.0,0.0
11QtgJob_Job_Scroll,32,05,0.0,0.0,0.0,0.25,0.0,0.0,0.0,8.0,4.125,0.0,0.0
11QtgJob_Job_Scroll,32,06,0.0,0.0,0.0,0.125,0.0,0.0,0.0,8.0,4.125,0.0,0.0
11QtgJob_Job_Scroll,32,07,0.0,0.0,0.0,0.25,0.0,0.0,0.0,8.0,4.375,0.0,0.0
11QtgJob_Job_Scroll,32,08,0.0,0.0,0.0,0.2857,0.0,0.0,0.0,7.0,4.7143,0.0,0.0
11QtgJob_Job_Scroll,32,09,0.0,0.0,0.0,0.6667,0.0,0.0,0.0,6.0,6.1667,0.0,0.0
11QtgJob_Job_Scroll,32,10,0.0,0.0,0.0,0.1667,0.0,0.0,0.0,6.0,5.6667,0.0,0.0
11QtgJob_Job_Scroll,33,01,0.0,0.0,0.0,0.5,0.5,0.25,0.0,4.0,5.75,0.0,0.0
11QtgJob_Job_Scroll,33,02,0.0,0.0,0.0,0.4286,0.0,0.0,0.0,7.0,6.5714,0.0,0.0
11QtgJob_Job_Scroll,33,03,0.0,0.0,0.0,0.25,0.0,0.0,0.0,8.0,3.75,0.0,0.0
11QtgJob_Job_Scroll,33,04,0.0,0.0,0.0,0.1111,0.4444,0.2222,0.0,9.0,3.5556,0.0,0.0
11QtgJob_Job_Scroll,33,05,0.0,0.0,0.0,0.3333,0.0,0.0,0.0,9.0,4.1111,0.0,0.0
11QtgJob_Job_Scroll,33,06,0.0,0.0,0.0,0.3333,0.0,0.0,0.0,6.0,4.6667,0.0,0.0
11QtgJob_Job_Scroll,33,07,0.0,0.0,0.0,0.2857,0.0,0.0,0.0,7.0,4.2857,0.0,0.0
11QtgJob_Job_Scroll,33,08,0.0,0.0,0.0,0.0,0.0,0.0,0.0,7.0,5.8571,0.0,0.0
11QtgJob_Job_Scroll,33,09,0.0,0.0,0.0,0.4286,1.1429,0.7143,0.0,7.0,5.8571,0.0,0.0
11QtgJob_Job_Scroll,33,10,0.0,0.0,0.0,0.0,0.0,0.0,0.0,4.0,6.5,0.0,0.0
11QtgJob_Job_Scroll,34,01,0.0,0.0,0.0,0.5,0.0,0.0,0.0,2.0,8.0,0.0,0.0
11QtgJob_Job_Scroll,34,02,0.0,0.0,0.0,0.2222,0.0,0.0,0.0,9.0,4.6667,0.0,0.0
11QtgJob_Job_Scroll,34,03,0.0,0.0,0.0,0.4286,0.2857,0.1429,0.0,7.0,4.4286,0.0,0.0
11QtgJob_Job_Scroll,34,04,0.0,0.0,0.0,0.1429,0.0,0.0,0.0,7.0,4.5714,0.0,0.0
11QtgJob_Job_Scroll,34,05,0.0,0.0,0.0,0.2222,0.0,0.0,0.0,9.0,3.4444,0.0,0.0
11QtgJob_Job_Scroll,34,06,0.0,0.0,0.0,0.4444,0.0,0.0,0.0,9.0,4.0,0.0,0.0
11QtgJob_Job_Scroll,34,07,0.0,0.0,0.0,0.3333,0.2222,0.2222,0.0,9.0,3.7778,0.0,0.0
11QtgJob_Job_Scroll,34,08,0.0,0.0,0.0,0.2857,0.0,0.0,0.0,7.0,5.7143,0.0,0.0
11QtgJob_Job_Scroll,34,09,0.0,0.0,0.0,0.3333,0.0,0.0,0.0,6.0,5.0,0.0,0.0
11QtgJob_Job_Scroll,34,10,0.0,0.0,0.0,0.5,0.0,0.0,0.0,2.0,5.5,0.0,0.0
11QtgJob_Job_Scroll,35,01,0.0,0.0,0.0,0.5,0.0,0.0,0.0,1.0,4.0,0.0,0.0
11QtgJob_Job_Scroll,35,02,0.0,0.0,0.0,0.0,0.0,0.0,0.0,7.0,4.7143,0.0,0.0
11QtgJob_Job_Scroll,35,03,0.0,0.0,0.0,0.4286,0.0,0.0,0.0,7.0,4.4286,0.0,0.0
11QtgJob_Job_Scroll,35,04,0.0,0.0,0.0,0.4286,0.0,0.0,0.0,7.0,3.8571,0.0,0.0
11QtgJob_Job_Scroll,35,05,0.0,0.0,0.0,0.5,0.0,0.0,0.0,6.0,4.3333,0.0,0.0
11QtgJob_Job_Scroll,35,06,0.0,0.0,0.0,0.375,0.5,0.5,0.0,8.0,3.75,0.0,0.0
11QtgJob_Job_Scroll,35,07,0.0,0.0,0.0,0.3333,0.0,0.0,0.0,6.0,4.1667,0.0,0.0
11QtgJob_Job_Scroll,35,08,0.0,0.0,0.0,0.5,0.0,0.0,0.0,6.0,6.5,0.0,0.0
11QtgJob_Job_Scroll,35,09,0.0,0.0,0.0,0.4,0.0,0.0,0.0,5.0,6.4,0.0,0.0
11QtgJob_Job_Scroll,35,10,0.0,0.0,0.0,0.2,0.0,0.0,0.0,5.0,7.6,0.0,0.0
11QtgJob_Job_Scroll,36,02,0.0,0.0,0.0,0.125,0.0,0.0,0.0,8.0,4.625,0.0,0.0
11QtgJob_Job_Scroll,36,03,0.0,0.0,0.0,0.1667,0.0,0.0,0.0,6.0,5.5,0.0,0.0
11QtgJob_Job_Scroll,36,04,0.0,0.0,0.0,0.125,0.0,0.0,0.0,8.0,4.5,0.0,0.0
11QtgJob_Job_Scroll,36,05,0.0,0.0,0.0,0.125,0.0,0.0,0.0,8.0,4.25,0.0,0.0
11QtgJob_Job_Scroll,36,06,0.0,0.0,0.0,0.2857,0.0,0.0,0.0,7.0,4.5714,0.0,0.0
11QtgJob_Job_Scroll,36,07,0.0,0.0,0.0,0.2857,0.0,0.0,0.0,7.0,4.1429,0.0,0.0
11QtgJob_Job_Scroll,36,08,0.0,0.0,0.0,0.0,0.0,0.0,0.0,6.0,5.0,0.0,0.0
11QtgJob_Job_Scroll,36,09,0.0,0.0,0.0,0.6,0.0,0.0,0.0,5.0,5.8,0.0,0.0
11QtgJob_Job_Scroll,36,10,0.0,0.0,0.0,0.5,0.0,0.0,0.0,1.0,12.0,0.0,0.0
11QtgJob_Job_Scroll,37,02,0.0,0.0,0.0,0.1667,0.0,0.0,0.0,6.0,3.1667,0.0,0.0
11QtgJob_Job_Scroll,37,03,0.0,0.0,0.0,0.125,0.25,0.0,0.0,8.0,3.375,0.0,0.0
11QtgJob_Job_Scroll,37,04,0.0,0.0,0.0,0.2857,0.1429,0.0,0.0,7.0,4.0,0.0,0.0
11QtgJob_Job_Scroll,37,05,0.0,0.0,0.0,0.4286,0.2857,0.1429,0.0,7.0,4.0,0.0,0.0
11QtgJob_Job_Scroll,37,06,0.0,0.0,0.0,0.1667,0.0,0.0,0.0,6.0,3.8333,0.0,0.0
11QtgJob_Job_Scroll,37,07,0.0,0.0,0.0,0.3333,0.3333,0.1667,0.0,6.0,4.6667,0.0,0.0
11QtgJob_Job_Scroll,37,08,0.0,0.0,0.0,0.2857,0.2857,0.2857,0.0,7.0,4.7143,0.0,0.0
11QtgJob_Job_Scroll,37,09,0.0,0.0,0.0,0.5,0.0,0.0,0.0,1.0,4.0,0.0,0.0
11QtgJob_Job_Scroll,38,01,0.0,0.0,0.0,0.5,0.0,0.0,0.0,1.0,5.0,0.0,0.0
11QtgJob_Job_Scroll,38,02,0.0,0.0,0.0,0.4286,0.0,0.0,0.0,7.0,4.5714,0.0,0.0
11QtgJob_Job_Scroll,38,03,0.0,0.0,0.0,0.2857,0.2857,0.1429,0.0,7.0,5.1429,0.0,0.0
11QtgJob_Job_Scroll,38,04,0.0,0.0,0.0,0.3,0.0,0.0,0.0,10.0,3.7,0.0,0.0
11QtgJob_Job_Scroll,38,05,0.0,0.0,0.0,0.25,0.0,0.0,0.0,8.0,4.25,0.0,0.0
11QtgJob_Job_Scroll,38,06,0.0,0.0,0.0,0.25,0.0,0.0,0.0,8.0,3.75,0.0,0.0
11QtgJob_Job_Scroll,38,07,0.0,0.0,0.0,0.125,0.0,0.0,0.0,8.0,3.75,0.0,0.0
11QtgJob_Job_Scroll,38,08,0.0,0.0,0.0,0.2727,0.0,0.0,0.0,11.0,4.2727,0.0,0.0
1QapGen_Genesis_Apocryphon,01,01,0.0,0.0,0.0,0.0,0.0,0.0,0.0,5.0,7.4,0.0,0.0
1QapGen_Genesis_Apocryphon,01,02,0.0,0.0,0.0,0.0,0.0,0.0,0.0,6.0,5.8333,0.0,0.0
1QapGen_Genesis_Apocryphon,01,03,0.0,0.0,0.0,0.25,0.0,0.0,0.0,4.0,10.0,0.0,0.0
1QapGen_Genesis_Apocryphon,01,04,0.0,0.0,0.0,0.0,0.0,0.0,0.0,5.0,9.8,0.0,0.0
1QapGen_Genesis_Apocryphon,01,05,0.0,0.0,0.0,0.0,0.0,0.0,0.0,4.0,9.25,0.0,0.0
1QapGen_Genesis_Apocryphon,01,06,0.0,0.0,0.0,0.5,0.0,0.0,0.0,3.0,12.0,0.0,0.0
1QapGen_Genesis_Apocryphon,01,07,0.0,0.0,0.0,0.0,0.0,0.0,0.0,5.0,8.6,0.0,0.0
1QapGen_Genesis_Apocryphon,01,08,0.0,0.0,0.0,0.0,0.0,0.0,0.0,4.0,12.75,0.0,0.0
1QapGen_Genesis_Apocryphon,01,09,0.0,0.0,0.0,0.5,0.0,0.0,0.0,3.0,14.6667,0.0,0.0
1QapGen_Genesis_Apocryphon,01,10,0.0,0.0,0.0,0.0,0.0,0.0,0.0,6.0,7.5,0.0,0.0
1QapGen_Genesis_Apocryphon,01,11,0.0,0.0,0.0,0.0,0.0,0.0,0.0,5.0,9.2,0.0,0.0
1QapGen_Genesis_Apocryphon,01,12,0.0,0.0,0.0,0.0,1.0,1.0,0.0,4.0,12.5,0.0,0.0
1QapGen_Genesis_Apocryphon,01,13,0.0,0.0,0.0,0.5,0.0,0.0,0.0,3.0,16.3333,0.0,0.0
1QapGen_Genesis_Apocryphon,01,18,0.0,0.0,0.0,0.5,0.0,0.0,0.0,2.0,27.5,0.0,0.0
1QapGen_Genesis_Apocryphon,01,21,0.0,0.0,0.0,0.0,0.0,0.0,0.0,4.0,12.0,0.0,0.0
1QapGen_Genesis_Apocryphon,01,24,0.0,0.0,0.0,0.2,0.0,0.0,0.0,5.0,9.4,0.0,0.0
1QapGen_Genesis_Apocryphon,01,25,0.0,0.0,0.0,0.2,0.0,0.0,0.0,5.0,9.4,0.0,0.0
1QapGen_Genesis_Apocryphon,01,26,0.0,0.0,0.0,0.0,0.0,0.0,0.0,5.0,10.0,0.0,0.0
1QapGen_Genesis_Apocryphon,01,27,0.0,0.0,0.0,0.0,0.1667,0.0,0.0,6.0,9.0,0.0,0.0
1QapGen_Genesis_Apocryphon,01,28,0.0,0.0,0.0,0.0,0.1667,0.0,0.0,6.0,8.0,0.0,0.0
1QapGen_Genesis_Apocryphon,02,01,0.0,0.0,0.0,0.25,0.0,0.0,0.0,12.0,5.75,0.0,0.0
1QapGen_Genesis_Apocryphon,02,02,0.0,0.0,0.0,0.1429,0.0,0.0,0.0,7.0,3.7143,0.0,0.0
1QapGen_Genesis_Apocryphon,02,03,0.0,0.0,0.0,0.2,0.0,0.0,0.0,10.0,4.9,0.0,0.0
1QapGen_Genesis_Apocryphon,02,04,0.0,0.0,0.0,0.3333,0.0,0.0,0.0,12.0,5.0,0.0,0.0
1QapGen_Genesis_Apocryphon,02,05,0.0,0.0,0.0,0.1,0.0,0.0,0.0,10.0,4.1,0.0,0.0
1QapGen_Genesis_Apocryphon,02,06,0.0,0.0,0.0,0.5,0.0,0.0,0.0,6.0,5.5,0.0,0.0
1QapGen_Genesis_Apocryphon,02,07,0.0,0.0,0.0,0.4,0.0,0.0,0.0,10.0,4.2,0.0,0.0
1QapGen_Genesis_Apocryphon,02,08,0.0,0.0,0.0,0.125,0.0,0.0,0.0,8.0,4.75,0.0,0.0
1QapGen_Genesis_Apocryphon,02,09,0.0,0.0,0.0,0.2222,0.0,0.0,0.0,9.0,4.0,0.0,0.0
1QapGen_Genesis_Apocryphon,02,10,0.0,0.0,0.0,0.3636,0.0,0.0,0.0,11.0,6.2727,0.0,0.0
1QapGen_Genesis_Apocryphon,02,11,0.0,0.0,0.0,0.1429,0.0,0.0,0.0,7.0,4.2857,0.0,0.0
1QapGen_Genesis_Apocryphon,02,12,0.0,0.0,0.0,0.1111,0.2222,0.2222,0.0,9.0,4.4444,0.0,0.0
1QapGen_Genesis_Apocryphon,02,13,0.0,0.0,0.0,0.1667,0.0,0.0,0.0,12.0,4.0,0.0,0.0
1QapGen_Genesis_Apocryphon,02,14,0.0,0.0,0.0,0.2222,0.0,0.0,0.0,9.0,4.7778,0.0,0.0
1QapGen_Genesis_Apocryphon,02,15,0.0,0.0,0.0,0.0909,0.0,0.0,0.0,11.0,3.5455,0.0,0.0
1QapGen_Genesis_Apocryphon,02,16,0.0,0.0,0.0,0.0714,0.0,0.0,0.0,14.0,3.0,0.0,0.0
1QapGen_Genesis_Apocryphon,02,17,0.0,0.0,0.0,0.2222,0.0,0.0,0.0,9.0,4.1111,0.0,0.0
1QapGen_Genesis_Apocryphon,02,18,0.0,0.0,0.0,0.25,0.0,0.0,0.0,4.0,4.0,0.0,0.0
1QapGen_Genesis_Apocryphon,02,19,0.0,0.0,0.0,0.0909,0.0,0.0,0.0,11.0,4.1818,0.0,0.0
1QapGen_Genesis_Apocryphon,02,20,0.0,0.0,0.0,0.1667,0.1667,0.0,0.0,12.0,4.6667,0.0,0.0
1QapGen_Genesis_Apocryphon,02,21,0.0,0.0,0.0,0.1,0.0,0.0,0.0,10.0,4.0,0.0,0.0
1QapGen_Genesis_Apocryphon,02,22,0.0,0.0,0.0,0.125,0.25,0.0,0.0,8.0,5.0,0.0,0.0
1QapGen_Genesis_Apocryphon,02,23,0.0,0.0,0.0,0.2,0.0,0.0,0.0,10.0,4.5,0.0,0.0
1QapGen_Genesis_Apocryphon,02,24,0.0,0.0,0.0,0.0769,0.0,0.0,0.0,13.0,4.6154,0.0,0.0
1QapGen_Genesis_Apocryphon,02,25,0.0,0.0,0.0,0.0909,0.0909,0.0,0.0,11.0,5.5455,0.0,0.0
1QapGen_Genesis_Apocryphon,02,26,0.0,0.0,0.0,0.5,0.0,0.0,0.0,3.0,4.3333,0.0,0.0
1QapGen_Genesis_Apocryphon,03,02,0.0,0.0,0.0,0.2,0.0,0.0,0.0,5.0,8.4,0.0,0.0
1QapGen_Genesis_Apocryphon,03,03,0.0,0.0,0.0,0.25,0.0,0.0,0.0,4.0,8.25,0.0,0.0
1QapGen_Genesis_Apocryphon,03,04,0.0,0.0,0.0,0.5,0.0,0.0,0.0,3.0,11.0,0.0,0.0
1QapGen_Genesis_Apocryphon,03,06,0.0,0.0,0.0,0.5,0.0,0.0,0.0,2.0,14.5,0.0,0.0
1QapGen_Genesis_Apocryphon,03,07,0.0,0.0,0.0,0.5,0.0,0.0,0.0,3.0,12.3333,0.0,0.0
1QapGen_Genesis_Apocryphon,03,09,0.0,0.0,0.0,0.0,0.0,0.0,0.0,4.0,10.25,0.0,0.0
1QapGen_Genesis_Apocryphon,03,10,0.0,0.0,0.0,0.0,0.0,0.0,0.0,5.0,9.6,0.0,0.0
1QapGen_Genesis_Apocryphon,03,11,0.0,0.0,0.0,0.0,0.0,0.0,0.0,5.0,10.4,0.0,0.0
1QapGen_Genesis_Apocryphon,03,12,0.0,0.0,0.0,0.2,0.0,0.0,0.0,5.0,7.2,0.0,0.0
1QapGen_Genesis_Apocryphon,03,13,0.0,0.0,0.0,0.3333,0.0,0.0,0.0,6.0,8.1667,0.0,0.0
1QapGen_Genesis_Apocryphon,03,17,0.0,0.0,0.0,0.0,0.0,0.0,0.0,5.0,7.8,0.0,0.0
1QapGen_Genesis_Apocryphon,03,24,0.0,0.0,0.0,0.5,0.0,0.0,0.0,3.0,15.6667,0.0,0.0
1QapGen_Genesis_Apocryphon,04,01,0.0,0.0,0.0,0.0,0.0,0.0,0.0,4.0,5.5,0.0,0.0
1QapGen_Genesis_Apocryphon,04,02,0.0,0.0,0.0,0.5,0.0,0.0,0.0,1.0,6.0,0.0,0.0
1QapGen_Genesis_Apocryphon,04,03,0.0,0.0,0.0,0.2,0.0,0.0,0.0,5.0,6.2,0.0,0.0
1QapGen_Genesis_Apocryphon,04,11,0.0,0.0,0.0,0.0,0.5,0.3333,0.0,6.0,4.5,0.0,0.0
1QapGen_Genesis_Apocryphon,04,12,0.0,0.0,0.0,0.0,0.4,0.4,0.0,5.0,4.4,0.0,0.0
1QapGen_Genesis_Apocryphon,04,14,0.0,0.0,0.0,0.5,0.0,0.0,0.0,1.0,6.0,0.0,0.0
1QapGen_Genesis_Apocryphon,05,01,0.0,0.0,0.0,0.5,0.0,0.0,0.0,2.0,3.5,0.0,0.0
1QapGen_Genesis_Apocryphon,05,02,0.0,0.0,0.0,0.0,0.0,0.0,0.0,10.0,5.1,0.0,0.0
1QapGen_Genesis_Apocryphon,05,03,0.0,0.0,0.0,0.1111,0.0,0.0,0.0,9.0,3.6667,0.0,0.0
1QapGen_Genesis_Apocryphon,05,04,0.0,0.0,0.0,0.0,0.0,0.0,0.0,6.0,3.5,0.0,0.0
1QapGen_Genesis_Apocryphon,05,05,0.0,0.0,0.0,0.2,0.0,0.0,0.0,5.0,7.4,0.0,0.0
1QapGen_Genesis_Apocryphon,05,06,0.0,0.0,0.0,0.5,0.0,0.0,0.0,3.0,9.3333,0.0,0.0
1QapGen_Genesis_Apocryphon,05,07,0.0,0.0,0.0,0.0,0.0,0.0,0.0,5.0,7.6,0.0,0.0
1QapGen_Genesis_Apocryphon,05,08,0.0,0.0,0.0,0.2,0.0,0.0,0.0,5.0,10.0,0.0,0.0
1QapGen_Genesis_Apocryphon,05,09,0.0,0.0,0.0,0.1429,0.0,0.0,0.0,14.0,4.5714,0.0,0.0
1QapGen_Genesis_Apocryphon,05,10,0.0,0.0,0.0,0.0,0.0,0.0,0.0,8.0,6.25,0.0,0.0
1QapGen_Genesis_Apocryphon,05,11,0.0,0.0,0.0,0.6,0.0,0.0,0.0,5.0,9.8,0.0,0.0
1QapGen_Genesis_Apocryphon,05,12,0.0,0.0,0.0,0.2857,0.0,0.0,0.0,7.0,8.5714,0.0,0.0
1QapGen_Genesis_Apocryphon,05,13,0.0,0.0,0.0,0.1667,0.0,0.0,0.0,6.0,8.8333,0.0,0.0
1QapGen_Genesis_Apocryphon,05,16,0.0,0.0,0.0,0.2,0.0,0.0,0.0,5.0,12.8,0.0,0.0
1QapGen_Genesis_Apocryphon,05,17,0.0,0.0,0.0,0.5,0.0,0.0,0.0,3.0,5.0,0.0,0.0
1QapGen_Genesis_Apocryphon,05,18,0.0,0.0,0.0,0.0,0.2857,0.0,0.0,7.0,4.0,0.0,0.0
1QapGen_Genesis_Apocryphon,05,19,0.0,0.0,0.0,0.5,0.0,0.0,0.0,3.0,5.6667,0.0,0.0
1QapGen_Genesis_Apocryphon,05,20,0.0,0.0,0.0,0.2857,0.0,0.0,0.0,7.0,4.1429,0.0,0.0
1QapGen_Genesis_Apocryphon,05,21,0.0,0.0,0.0,0.2,0.0,0.0,0.0,5.0,4.8,0.0,0.0
1QapGen_Genesis_Apocryphon,05,22,0.0,0.0,0.0,0.2,0.0,0.0,0.0,5.0,4.4,0.0,0.0
1QapGen_Genesis_Apocryphon,05,23,0.0,0.0,0.0,0.0,0.0,0.0,0.0,4.0,5.25,0.0,0.0
1QapGen_Genesis_Apocryphon,05,24,0.0,0.0,0.0,0.25,0.0,0.0,0.0,4.0,4.5,0.0,0.0
1QapGen_Genesis_Apocryphon,05,25,0.0,0.0,0.0,0.3333,0.0,0.0,0.0,6.0,3.1667,0.0,0.0
1QapGen_Genesis_Apocryphon,05,26,0.0,0.0,0.0,0.2,0.0,0.0,0.0,5.0,5.0,0.0,0.0
1QapGen_Genesis_Apocryphon,05,27,0.0,0.0,0.0,0.0,0.3333,0.3333,0.0,6.0,3.3333,0.0,0.0
1QapGen_Genesis_Apocryphon,05,28,0.0,0.0,0.0,0.5,0.0,0.0,0.0,1.0,3.0,0.0,0.0
1QapGen_Genesis_Apocryphon,05,29,0.0,0.0,0.0,0.0,0.0,0.0,0.0,5.0,4.0,0.0,0.0
1QapGen_Genesis_Apocryphon,06,01,0.0,0.0,0.0,0.0769,0.0,0.0,0.0,13.0,3.8462,0.0,0.0
1QapGen_Genesis_Apocryphon,06,02,0.0,0.0,0.0,0.25,0.1667,0.0,0.0,12.0,4.6667,0.0,0.0
1QapGen_Genesis_Apocryphon,06,03,0.0,0.0,0.0,0.1818,0.0,0.0,0.0,11.0,5.6364,0.0,0.0
1QapGen_Genesis_Apocryphon,06,04,0.0,0.0,0.0,0.3333,0.0,0.0,0.0,9.0,7.3333,0.0,0.0
1QapGen_Genesis_Apocryphon,06,05,0.0,0.0,0.0,0.0,0.0,0.0,0.0,4.0,6.75,0.0,0.0
1QapGen_Genesis_Apocryphon,06,06,0.0,0.0,0.0,0.2727,0.3636,0.3636,0.0,11.0,4.6364,0.0,0.0
1QapGen_Genesis_Apocryphon,06,07,0.0,0.0,0.0,0.2143,0.0,0.0,0.0,14.0,4.0714,0.0,0.0
1QapGen_Genesis_Apocryphon,06,08,0.0,0.0,0.0,0.1333,0.0,0.0,0.0,15.0,4.1333,0.0,0.0
1QapGen_Genesis_Apocryphon,06,09,0.0,0.0,0.0,0.0833,0.0,0.0,0.0,12.0,4.1667,0.0,0.0
1QapGen_Genesis_Apocryphon,06,10,0.0,0.0,0.0,0.0,0.0,0.0,0.0,12.0,4.8333,0.0,0.0
1QapGen_Genesis_Apocryphon,06,11,0.0,0.0,0.0,0.2727,0.3636,0.1818,0.0,11.0,6.1818,0.0,0.0
1QapGen_Genesis_Apocryphon,06,12,0.0,0.0,0.0,0.2727,0.0,0.0,0.0,11.0,4.3636,0.0,0.0
1QapGen_Genesis_Apocryphon,06,13,0.0,0.0,0.0,0.3,0.0,0.0,0.0,10.0,5.1,0.0,0.0
1QapGen_Genesis_Apocryphon,06,14,0.0,0.0,0.0,0.25,0.5,0.5,0.0,8.0,4.625,0.0,0.0
1QapGen_Genesis_Apocryphon,06,15,0.0,0.0,0.0,0.0,0.0,0.0,0.0,10.0,4.1,0.0,0.0
1QapGen_Genesis_Apocryphon,06,16,0.0,0.0,0.0,0.0909,0.3636,0.1818,0.0,11.0,5.7273,0.0,0.0
1QapGen_Genesis_Apocryphon,06,17,0.0,0.0,0.0,0.3333,0.0,0.0,0.0,6.0,11.6667,0.0,0.0
1QapGen_Genesis_Apocryphon,06,18,0.0,0.0,0.0,0.1667,0.0,0.0,0.0,6.0,5.5,0.0,0.0
1QapGen_Genesis_Apocryphon,06,19,0.0,0.0,0.0,0.0769,0.0,0.0,0.0,13.0,4.3077,0.0,0.0
1QapGen_Genesis_Apocryphon,06,20,0.0,0.0,0.0,0.0,0.0,0.0,0.0,6.0,3.8333,0.0,0.0
1QapGen_Genesis_Apocryphon,06,21,0.0,0.0,0.0,0.0,0.0,0.0,0.0,5.0,6.8,0.0,0.0
1QapGen_Genesis_Apocryphon,06,23,0.0,0.0,0.0,0.2857,0.0,0.0,0.0,7.0,5.4286,0.0,0.0
1QapGen_Genesis_Apocryphon,06,24,0.0,0.0,0.0,0.0,0.0,0.0,0.0,5.0,5.2,0.0,0.0
1QapGen_Genesis_Apocryphon,06,25,0.0,0.0,0.0,0.0,0.0,0.0,0.0,6.0,5.3333,0.0,0.0
1QapGen_Genesis_Apocryphon,06,26,0.0,0.0,0.0,0.3333,0.0,0.0,0.0,6.0,6.5,0.0,0.0
1QapGen_Genesis_Apocryphon,07,01,0.0,0.0,0.0,0.3333,0.0,0.0,0.0,9.0,4.7778,0.0,0.0
1QapGen_Genesis_Apocryphon,07,02,0.0,0.0,0.0,0.2,0.0,0.0,0.0,10.0,5.1,0.0,0.0
1QapGen_Genesis_Apocryphon,07,03,0.0,0.0,0.0,0.25,0.0,0.0,0.0,4.0,5.75,0.0,0.0
1QapGen_Genesis_Apocryphon,07,04,0.0,0.0,0.0,0.5,0.0,0.0,0.0,3.0,6.6667,0.0,0.0
1QapGen_Genesis_Apocryphon,07,05,0.0,0.0,0.0,0.1667,0.0,0.0,0.0,6.0,3.3333,0.0,0.0
1QapGen_Genesis_Apocryphon,07,06,0.0,0.0,0.0,0.5,0.0,0.0,0.0,2.0,11.0,0.0,0.0
1QapGen_Genesis_Apocryphon,07,07,0.0,0.0,0.0,0.2222,0.0,0.0,0.0,9.0,4.4444,0.0,0.0
1QapGen_Genesis_Apocryphon,07,08,0.0,0.0,0.0,0.0,0.0,0.0,0.0,8.0,3.75,0.0,0.0
1QapGen_Genesis_Apocryphon,07,09,0.0,0.0,0.0,0.0,0.0,0.0,0.0,4.0,11.75,0.0,0.0
1QapGen_Genesis_Apocryphon,07,10,0.0,0.0,0.0,0.0,0.0,0.0,0.0,4.0,15.25,0.0,0.0
1QapGen_Genesis_Apocryphon,07,18,0.0,0.0,0.0,0.5,0.0,0.0,0.0,3.0,16.6667,0.0,0.0
1QapGen_Genesis_Apocryphon,07,19,0.0,0.0,0.0,0.3333,0.0,0.0,0.0,6.0,5.6667,0.0,0.0
1QapGen_Genesis_Apocryphon,07,20,0.0,0.0,0.0,0.5,0.0,0.0,0.0,3.0,6.6667,0.0,0.0
1QapGen_Genesis_Apocryphon,07,21,0.0,0.0,0.0,0.5,0.0,0.0,0.0,3.0,4.6667,0.0,0.0
1QapGen_Genesis_Apocryphon,07,22,0.0,0.0,0.0,0.0,0.0,0.0,0.0,5.0,6.4,0.0,0.0
1QapGen_Genesis_Apocryphon,07,23,0.0,0.0,0.0,0.25,0.0,0.0,0.0,4.0,11.25,0.0,0.0
1QapGen_Genesis_Apocryphon,08,01,0.0,0.0,0.0,0.0,0.0,0.0,0.0,6.0,4.5,0.0,0.0
1QapGen_Genesis_Apocryphon,08,04,0.0,0.0,0.0,0.5,0.0,0.0,0.0,1.0,4.0,0.0,0.0
1QapGen_Genesis_Apocryphon,08,09,0.0,0.0,0.0,0.5,0.0,0.0,0.0,2.0,5.5,0.0,0.0
1QapGen_Genesis_Apocryphon,10,01,0.0,0.0,0.0,0.0,0.0,0.0,0.0,11.0,4.0,0.0,0.0
1QapGen_Genesis_Apocryphon,10,02,0.0,0.0,0.0,0.1,0.0,0.0,0.0,10.0,3.5,0.0,0.0
1QapGen_Genesis_Apocryphon,10,03,0.0,0.0,0.0,0.1667,0.0,0.0,0.0,6.0,3.6667,0.0,0.0
1QapGen_Genesis_Apocryphon,10,08,0.0,0.0,0.0,0.25,0.0,0.0,0.0,8.0,4.125,0.0,0.0
1QapGen_Genesis_Apocryphon,10,09,0.0,0.0,0.0,0.0,0.0,0.0,0.0,11.0,4.2727,0.0,0.0
1QapGen_Genesis_Apocryphon,10,10,0.0,0.0,0.0,0.1111,0.0,0.0,0.0,9.0,4.5556,0.0,0.0
1QapGen_Genesis_Apocryphon,10,11,0.0,0.0,0.0,0.0,0.0,0.0,0.0,8.0,4.5,0.0,0.0
1QapGen_Genesis_Apocryphon,10,12,0.0,0.0,0.0,0.0769,0.0,0.0,0.0,13.0,4.8462,0.0,0.0
1QapGen_Genesis_Apocryphon,10,13,0.0,0.0,0.0,0.0833,0.0,0.0,0.0,12.0,4.75,0.0,0.0
1QapGen_Genesis_Apocryphon,10,14,0.0,0.0,0.0,0.2143,0.0,0.0,0.0,14.0,4.4286,0.0,0.0
1QapGen_Genesis_Apocryphon,10,15,0.0,0.0,0.0,0.1333,0.0,0.0,0.0,15.0,6.0667,0.0,0.0
1QapGen_Genesis_Apocryphon,10,16,0.0,0.0,0.0,0.0714,0.0,0.0,0.0,14.0,4.9286,0.0,0.0
1QapGen_Genesis_Apocryphon,10,17,0.0,0.0,0.0,0.1818,0.0,0.0,0.0,11.0,5.1818,0.0,0.0
1QapGen_Genesis_Apocryphon,10,18,0.0,0.0,0.0,0.0,0.0,0.0,0.0,5.0,5.6,0.0,0.0
1QapGen_Genesis_Apocryphon,11,01,0.0,0.0,0.0,0.2222,0.0,0.0,0.0,9.0,5.4444,0.0,0.0
1QapGen_Genesis_Apocryphon,11,05,0.0,0.0,0.0,0.0,0.0,0.0,0.0,6.0,6.1667,0.0,0.0
1QapGen_Genesis_Apocryphon,11,09,0.0,0.0,0.0,0.1111,0.0,0.0,0.0,9.0,6.7778,0.0,0.0
1QapGen_Genesis_Apocryphon,11,10,0.0,0.0,0.0,0.5,0.0,0.0,0.0,3.0,8.0,0.0,0.0
1QapGen_Genesis_Apocryphon,11,11,0.0,0.0,0.0,0.2727,0.1818,0.0,0.0,11.0,5.7273,0.0,0.0
1QapGen_Genesis_Apocryphon,11,12,0.0,0.0,0.0,0.3333,0.0,0.0,0.0,15.0,4.5333,0.0,0.0
1QapGen_Genesis_Apocryphon,11,13,0.0,0.0,0.0,0.1667,0.2222,0.0556,0.0,18.0,4.0,0.0,0.0
1QapGen_Genesis_Apocryphon,11,14,0.0,0.0,0.0,0.2143,0.0714,0.0,0.0,14.0,4.7143,0.0,0.0
1QapGen_Genesis_Apocryphon,11,15,0.0,0.0,0.0,0.1,0.1,0.1,0.0,20.0,3.85,0.0,0.0
1QapGen_Genesis_Apocryphon,11,16,0.0,0.0,0.0,0.3333,0.0,0.0,0.0,12.0,5.25,0.0,0.0
1QapGen_Genesis_Apocryphon,11,17,0.0,0.0,0.0,0.25,0.0,0.0,0.0,16.0,4.5625,0.0,0.0
1QapGen_Genesis_Apocryphon,11,18,0.0,0.0,0.0,0.5,0.0,0.0,0.0,3.0,16.6667,0.0,0.0
1QapGen_Genesis_Apocryphon,11,19,0.0,0.0,0.0,0.0,0.0,0.0,0.0,7.0,8.2857,0.0,0.0
1QapGen_Genesis_Apocryphon,12,01,0.0,0.0,0.0,0.1333,0.0,0.0,0.0,15.0,4.8,0.0,0.0
1QapGen_Genesis_Apocryphon,12,02,0.0,0.0,0.0,0.0,0.0,0.0,0.0,9.0,4.6667,0.0,0.0
1QapGen_Genesis_Apocryphon,12,03,0.0,0.0,0.0,0.0,0.1667,0.1667,0.0,12.0,4.4167,0.0,0.0
1QapGen_Genesis_Apocryphon,12,04,0.0,0.0,0.0,0.0,0.0,0.0,0.0,10.0,4.5,0.0,0.0
1QapGen_Genesis_Apocryphon,12,05,0.0,0.0,0.0,0.0,0.0,0.0,0.0,5.0,4.4,0.0,0.0
1QapGen_Genesis_Apocryphon,12,06,0.0,0.0,0.0,0.5,0.0,0.0,0.0,2.0,5.0,0.0,0.0
1QapGen_Genesis_Apocryphon,12,07,0.0,0.0,0.0,0.5,0.0,0.0,0.0,2.0,10.0,0.0,0.0
1QapGen_Genesis_Apocryphon,12,08,0.0,0.0,0.0,0.1429,0.0,0.0,0.0,14.0,5.2143,0.0,0.0
1QapGen_Genesis_Apocryphon,12,09,0.0,0.0,0.0,0.1538,0.0,0.0,0.0,13.0,5.0769,0.0,0.0
1QapGen_Genesis_Apocryphon,12,10,0.0,0.0,0.0,0.0588,0.0,0.0,0.0,17.0,4.2941,0.0,0.0
1QapGen_Genesis_Apocryphon,12,11,0.0,0.0,0.0,0.125,0.0,0.0,0.0,16.0,4.5625,0.0,0.0
1QapGen_Genesis_Apocryphon,12,12,0.0,0.0,0.0,0.125,0.0,0.0,0.0,16.0,4.1875,0.0,0.0
1QapGen_Genesis_Apocryphon,12,13,0.0,0.0,0.0,0.3125,0.0625,0.0,0.0,16.0,4.1875,0.0,0.0
1QapGen_Genesis_Apocryphon,12,14,0.0,0.0,0.0,0.2,0.0,0.0,0.0,15.0,4.2667,0.0,0.0
1QapGen_Genesis_Apocryphon,12,15,0.0,0.0,0.0,0.1538,0.0,0.0,0.0,13.0,4.6923,0.0,0.0
1QapGen_Genesis_Apocryphon,12,16,0.0,0.0,0.0,0.375,0.0,0.0,0.0,16.0,4.6875,0.0,0.0
1QapGen_Genesis_Apocryphon,12,17,0.0,0.0,0.0,0.0667,0.0,0.0,0.0,15.0,4.4,0.0,0.0
1QapGen_Genesis_Apocryphon,12,18,0.0,0.0,0.0,0.125,0.0,0.0,0.0,8.0,5.625,0.0,0.0
1QapGen_Genesis_Apocryphon,12,19,0.0,0.0,0.0,0.25,0.0,0.0,0.0,8.0,7.75,0.0,0.0
1QapGen_Genesis_Apocryphon,12,21,0.0,0.0,0.0,0.5,0.0,0.0,0.0,2.0,23.0,0.0,0.0
1QapGen_Genesis_Apocryphon,12,27,0.0,0.0,0.0,0.0,0.0,0.0,0.0,5.0,5.6,0.0,0.0
1QapGen_Genesis_Apocryphon,13,03,0.0,0.0,0.0,0.0,0.0,0.0,0.0,5.0,10.2,0.0,0.0
1QapGen_Genesis_Apocryphon,13,07,0.0,0.0,0.0,0.5,0.0,0.0,0.0,3.0,19.0,0.0,0.0
1QapGen_Genesis_Apocryphon,13,08,0.0,0.0,0.0,0.25,0.1667,0.0,0.0,12.0,6.8333,0.0,0.0
1QapGen_Genesis_Apocryphon,13,09,0.0,0.0,0.0,0.0,0.2857,0.2857,0.0,14.0,5.4286,0.0,0.0
1QapGen_Genesis_Apocryphon,13,10,0.0,0.0,0.0,0.0,0.3077,0.3077,0.0,13.0,5.4615,0.0,0.0
1QapGen_Genesis_Apocryphon,13,11,0.0,0.0,0.0,0.0,0.25,0.25,0.0,16.0,4.0,0.0,0.0
1QapGen_Genesis_Apocryphon,13,12,0.0,0.0,0.0,0.5,0.0,0.0,0.0,3.0,4.3333,0.0,0.0
1QapGen_Genesis_Apocryphon,13,13,0.0,0.0,0.0,0.0,0.0,0.0,0.0,14.0,4.7857,0.0,0.0
1QapGen_Genesis_Apocryphon,13,14,0.0,0.0,0.0,0.0,0.4,0.2667,0.0,15.0,4.8667,0.0,0.0
1QapGen_Genesis_Apocryphon,13,15,0.0,0.0,0.0,0.0,0.0,0.0,0.0,15.0,5.4,0.0,0.0
1QapGen_Genesis_Apocryphon,13,16,0.0,0.0,0.0,0.0,0.0,0.0,0.0,16.0,4.6875,0.0,0.0
1QapGen_Genesis_Apocryphon,13,17,0.0,0.0,0.0,0.0,0.0,0.0,0.0,15.0,4.9333,0.0,0.0
1QapGen_Genesis_Apocryphon,13,18,0.0,0.0,0.0,0.0,0.0,0.0,0.0,6.0,6.6667,0.0,0.0
1QapGen_Genesis_Apocryphon,13,19,0.0,0.0,0.0,0.0,0.0,0.0,0.0,4.0,7.25,0.0,0.0
1QapGen_Genesis_Apocryphon,13,20,0.0,0.0,0.0,0.5,0.0,0.0,0.0,2.0,10.5,0.0,0.0
1QapGen_Genesis_Apocryphon,14,04,0.0,0.0,0.0,0.0,0.5,0.5,0.0,8.0,7.875,0.0,0.0
1QapGen_Genesis_Apocryphon,14,05,0.0,0.0,0.0,0.5,0.0,0.0,0.0,3.0,14.0,0.0,0.0
1QapGen_Genesis_Apocryphon,14,06,0.0,0.0,0.0,0.0,0.0,0.0,0.0,9.0,7.5556,0.0,0.0
1QapGen_Genesis_Apocryphon,14,07,0.0,0.0,0.0,0.0,0.5,0.0,0.0,4.0,11.75,0.0,0.0
1QapGen_Genesis_Apocryphon,14,08,0.0,0.0,0.0,0.0,0.0,0.0,0.0,7.0,4.8571,0.0,0.0
1QapGen_Genesis_Apocryphon,14,09,0.0,0.0,0.0,0.0,0.3333,0.2667,0.0,15.0,4.2667,0.0,0.0
1QapGen_Genesis_Apocryphon,14,10,0.0,0.0,0.0,0.0,0.0,0.0,0.0,17.0,4.7647,0.0,0.0
1QapGen_Genesis_Apocryphon,14,11,0.0,0.0,0.0,0.0,0.0,0.0,0.0,14.0,5.7857,0.0,0.0
1QapGen_Genesis_Apocryphon,14,12,0.0,0.0,0.0,0.0,0.0,0.0,0.0,16.0,5.375,0.0,0.0
1QapGen_Genesis_Apocryphon,14,13,0.0,0.0,0.0,0.0,0.0,0.0,0.0,10.0,6.9,0.0,0.0
1QapGen_Genesis_Apocryphon,14,14,0.0,0.0,0.0,0.0,0.9091,0.9091,0.0,11.0,5.4545,0.0,0.0
1QapGen_Genesis_Apocryphon,14,15,0.0,0.0,0.0,0.0,0.0,0.0,0.0,12.0,5.75,0.0,0.0
1QapGen_Genesis_Apocryphon,14,16,0.0,0.0,0.0,0.0,0.0,0.0,0.0,14.0,6.4286,0.0,0.0
1QapGen_Genesis_Apocryphon,14,17,0.0,0.0,0.0,0.0,0.125,0.125,0.0,16.0,4.875,0.0,0.0
1QapGen_Genesis_Apocryphon,14,18,0.0,0.0,0.0,0.0,0.0,0.0,0.0,17.0,6.1176,0.0,0.0
1QapGen_Genesis_Apocryphon,14,19,0.0,0.0,0.0,0.0,0.0,0.0,0.0,9.0,8.0,0.0,0.0
1QapGen_Genesis_Apocryphon,14,20,0.0,0.0,0.0,0.0,0.0,0.0,0.0,13.0,6.8462,0.0,0.0
1QapGen_Genesis_Apocryphon,14,21,0.0,0.0,0.0,0.0,0.0,0.0,0.0,13.0,7.5385,0.0,0.0
1QapGen_Genesis_Apocryphon,14,22,0.0,0.0,0.0,0.0,0.3333,0.0,0.0,6.0,12.6667,0.0,0.0
1QapGen_Genesis_Apocryphon,14,27,0.0,0.0,0.0,0.5,0.0,0.0,0.0,1.0,52.0,0.0,0.0
1QapGen_Genesis_Apocryphon,15,05,0.0,0.0,0.0,0.0,0.0,0.0,0.0,4.0,5.75,0.0,0.0
1QapGen_Genesis_Apocryphon,15,06,0.0,0.0,0.0,0.0,0.0,0.0,0.0,4.0,5.75,0.0,0.0
1QapGen_Genesis_Apocryphon,15,07,0.0,0.0,0.0,0.0,0.0,0.0,0.0,10.0,6.1,0.0,0.0
1QapGen_Genesis_Apocryphon,15,08,0.0,0.0,0.0,0.0,0.0,0.0,0.0,8.0,8.375,0.0,0.0
1QapGen_Genesis_Apocryphon,15,09,0.0,0.0,0.0,0.0,0.1667,0.1667,0.0,12.0,6.0,0.0,0.0
1QapGen_Genesis_Apocryphon,15,10,0.0,0.0,0.0,0.0,0.0769,0.0,0.0,13.0,4.6923,0.0,0.0
1QapGen_Genesis_Apocryphon,15,11,0.0,0.0,0.0,0.0,0.0,0.0,0.0,12.0,5.0,0.0,0.0
1QapGen_Genesis_Apocryphon,15,12,0.0,0.0,0.0,0.0,0.0,0.0,0.0,7.0,6.4286,0.0,0.0
1QapGen_Genesis_Apocryphon,15,13,0.0,0.0,0.0,0.0,0.0,0.0,0.0,8.0,9.25,0.0,0.0
1QapGen_Genesis_Apocryphon,15,14,0.0,0.0,0.0,0.0,0.0,0.0,0.0,6.0,7.5,0.0,0.0
1QapGen_Genesis_Apocryphon,15,15,0.0,0.0,0.0,0.0,0.0,0.0,0.0,10.0,3.9,0.0,0.0
1QapGen_Genesis_Apocryphon,15,16,0.0,0.0,0.0,0.0,0.0,0.0,0.0,8.0,8.0,0.0,0.0
1QapGen_Genesis_Apocryphon,15,17,0.0,0.0,0.0,0.0,0.0,0.0,0.0,9.0,8.1111,0.0,0.0
1QapGen_Genesis_Apocryphon,15,18,0.0,0.0,0.0,0.0,0.0,0.0,0.0,8.0,8.875,0.0,0.0
1QapGen_Genesis_Apocryphon,15,19,0.0,0.0,0.0,0.0,0.0,0.0,0.0,10.0,5.3,0.0,0.0
1QapGen_Genesis_Apocryphon,15,20,0.0,0.0,0.0,0.0,0.0,0.0,0.0,6.0,8.3333,0.0,0.0
1QapGen_Genesis_Apocryphon,15,21,0.0,0.0,0.0,0.0,0.0,0.0,0.0,8.0,6.375,0.0,0.0
1QapGen_Genesis_Apocryphon,15,22,0.0,0.0,0.0,0.0,0.0,0.0,0.0,7.0,9.4286,0.0,0.0
1QapGen_Genesis_Apocryphon,15,23,0.0,0.0,0.0,0.0,0.0,0.0,0.0,4.0,9.75,0.0,0.0
1QapGen_Genesis_Apocryphon,16,08,0.0,0.0,0.0,0.0,0.0,0.0,0.0,8.0,6.375,0.0,0.0
1QapGen_Genesis_Apocryphon,16,09,0.0,0.0,0.0,0.1667,0.0,0.0,0.0,12.0,4.6667,0.0,0.0
1QapGen_Genesis_Apocryphon,16,10,0.0,0.0,0.0,0.0,0.0,0.0,0.0,8.0,3.5,0.0,0.0
1QapGen_Genesis_Apocryphon,16,11,0.0,0.0,0.0,0.0909,0.0,0.0,0.0,11.0,4.0,0.0,0.0
1QapGen_Genesis_Apocryphon,16,12,0.0,0.0,0.0,0.25,0.0,0.0,0.0,8.0,6.25,0.0,0.0
1QapGen_Genesis_Apocryphon,16,13,0.0,0.0,0.0,0.5,0.0,0.0,0.0,1.0,6.0,0.0,0.0
1QapGen_Genesis_Apocryphon,16,14,0.0,0.0,0.0,0.1111,0.0,0.0,0.0,9.0,4.7778,0.0,0.0
1QapGen_Genesis_Apocryphon,16,15,0.0,0.0,0.0,0.0,0.0,0.0,0.0,8.0,4.625,0.0,0.0
1QapGen_Genesis_Apocryphon,16,16,0.0,0.0,0.0,0.0,0.0,0.0,0.0,6.0,4.8333,0.0,0.0
1QapGen_Genesis_Apocryphon,16,17,0.0,0.0,0.0,0.1818,0.0,0.0,0.0,11.0,4.0909,0.0,0.0
1QapGen_Genesis_Apocryphon,16,18,0.0,0.0,0.0,0.1111,0.0,0.0,0.0,9.0,4.5556,0.0,0.0
1QapGen_Genesis_Apocryphon,16,19,0.0,0.0,0.0,0.0,0.0,0.0,0.0,6.0,5.3333,0.0,0.0
1QapGen_Genesis_Apocryphon,16,20,0.0,0.0,0.0,0.5,0.0,0.0,0.0,2.0,15.0,0.0,0.0
1QapGen_Genesis_Apocryphon,16,21,0.0,0.0,0.0,0.5,0.0,0.0,0.0,3.0,4.6667,0.0,0.0
1QapGen_Genesis_Apocryphon,17,05,0.0,0.0,0.0,0.5,0.0,0.0,0.0,2.0,25.5,0.0,0.0
1QapGen_Genesis_Apocryphon,17,06,0.0,0.0,0.0,0.5,0.0,0.0,0.0,2.0,5.0,0.0,0.0
1QapGen_Genesis_Apocryphon,17,07,0.0,0.0,0.0,0.1875,0.0,0.0,0.0,16.0,4.875,0.0,0.0
1QapGen_Genesis_Apocryphon,17,08,0.0,0.0,0.0,0.2308,0.0,0.0,0.0,13.0,5.0,0.0,0.0
1QapGen_Genesis_Apocryphon,17,09,0.0,0.0,0.0,0.0,0.0,0.0,0.0,16.0,3.9375,0.0,0.0
1QapGen_Genesis_Apocryphon,17,10,0.0,0.0,0.0,0.0769,0.0,0.0,0.0,13.0,4.4615,0.0,0.0
1QapGen_Genesis_Apocryphon,17,11,0.0,0.0,0.0,0.0714,0.0,0.0,0.0,14.0,4.2143,0.0,0.0
1QapGen_Genesis_Apocryphon,17,12,0.0,0.0,0.0,0.0833,0.0,0.0,0.0,12.0,4.0833,0.0,0.0
1QapGen_Genesis_Apocryphon,17,13,0.0,0.0,0.0,0.0833,0.0,0.0,0.0,12.0,4.6667,0.0,0.0
1QapGen_Genesis_Apocryphon,17,14,0.0,0.0,0.0,0.0,0.0,0.0,0.0,10.0,6.4,0.0,0.0
1QapGen_Genesis_Apocryphon,17,15,0.0,0.0,0.0,0.1,0.0,0.0,0.0,10.0,3.5,0.0,0.0
1QapGen_Genesis_Apocryphon,17,16,0.0,0.0,0.0,0.125,0.0,0.0,0.0,16.0,4.25,0.0,0.0
1QapGen_Genesis_Apocryphon,17,17,0.0,0.0,0.0,0.1111,0.0,0.0,0.0,18.0,4.0,0.0,0.0
1QapGen_Genesis_Apocryphon,17,18,0.0,0.0,0.0,0.0909,0.0,0.0,0.0,11.0,6.2727,0.0,0.0
1QapGen_Genesis_Apocryphon,17,19,0.0,0.0,0.0,0.0,0.0,0.0,0.0,9.0,3.8889,0.0,0.0
1QapGen_Genesis_Apocryphon,17,20,0.0,0.0,0.0,0.5,0.0,0.0,0.0,1.0,4.0,0.0,0.0
1QapGen_Genesis_Apocryphon,17,21,0.0,0.0,0.0,0.5,0.0,0.0,0.0,1.0,4.0,0.0,0.0
1QapGen_Genesis_Apocryphon,19,07,0.0,0.0,0.0,0.2727,0.0,0.0,0.0,11.0,5.9091,0.0,0.0
1QapGen_Genesis_Apocryphon,19,08,0.0,0.0,0.0,0.0588,0.0,0.0,0.0,17.0,4.4118,0.0,0.0
1QapGen_Genesis_Apocryphon,19,09,0.0,0.0,0.0,0.1333,0.0,0.0,0.0,15.0,4.7333,0.0,0.0
1QapGen_Genesis_Apocryphon,19,10,0.0,0.0,0.0,0.2222,0.0,0.0,0.0,18.0,6.0556,0.0,0.0
1QapGen_Genesis_Apocryphon,19,11,0.0,0.0,0.0,0.0625,0.0,0.0,0.0,16.0,6.5,0.0,0.0
1QapGen_Genesis_Apocryphon,19,12,0.0,0.0,0.0,0.0714,0.0714,0.0,0.0,14.0,5.3571,0.0,0.0
1QapGen_Genesis_Apocryphon,19,13,0.0,0.0,0.0,0.1,0.1,0.0,0.0,10.0,4.3,0.0,0.0
1QapGen_Genesis_Apocryphon,19,14,0.0,0.0,0.0,0.4,0.1333,0.1333,0.0,15.0,5.0667,0.0,0.0
1QapGen_Genesis_Apocryphon,19,15,0.0,0.0,0.0,0.3333,0.1667,0.1667,0.0,12.0,9.3333,0.0,0.0
1QapGen_Genesis_Apocryphon,19,16,0.0,0.0,0.0,0.1875,0.125,0.125,0.0,16.0,5.3125,0.0,0.0
1QapGen_Genesis_Apocryphon,19,17,0.0,0.0,0.0,0.3636,0.1818,0.0,0.0,11.0,4.3636,0.0,0.0
1QapGen_Genesis_Apocryphon,19,18,0.0,0.0,0.0,0.2,0.1,0.0,0.0,20.0,5.05,0.0,0.0
1QapGen_Genesis_Apocryphon,19,19,0.0,0.0,0.0,0.0714,0.0,0.0,0.0,14.0,5.0714,0.0,0.0
1QapGen_Genesis_Apocryphon,19,20,0.0,0.0,0.0,0.2143,0.0,0.0,0.0,14.0,5.2857,0.0,0.0
1QapGen_Genesis_Apocryphon,19,21,0.0,0.0,0.0,0.25,0.0,0.0,0.0,12.0,5.4167,0.0,0.0
1QapGen_Genesis_Apocryphon,19,22,0.0,0.0,0.0,0.1111,0.0,0.0,0.0,9.0,5.3333,0.0,0.0
1QapGen_Genesis_Apocryphon,19,23,0.0,0.0,0.0,0.1667,0.1667,0.1667,0.0,12.0,4.0833,0.0,0.0
1QapGen_Genesis_Apocryphon,19,24,0.0,0.0,0.0,0.125,0.0,0.0,0.0,16.0,4.9375,0.0,0.0
1QapGen_Genesis_Apocryphon,19,25,0.0,0.0,0.0,0.3,0.0,0.0,0.0,10.0,8.7,0.0,0.0
1QapGen_Genesis_Apocryphon,19,26,0.0,0.0,0.0,0.0714,0.2857,0.2857,0.0,14.0,5.2857,0.0,0.0
1QapGen_Genesis_Apocryphon,19,27,0.0,0.0,0.0,0.3333,0.0,0.0,0.0,6.0,5.5,0.0,0.0
1QapGen_Genesis_Apocryphon,20,01,0.0,0.0,0.0,0.5,0.0,0.0,0.0,3.0,4.0,0.0,0.0
1QapGen_Genesis_Apocryphon,20,02,0.0,0.0,0.0,0.2222,0.0,0.0,0.0,9.0,4.6667,0.0,0.0
1QapGen_Genesis_Apocryphon,20,03,0.0,0.0,0.0,0.1579,0.0,0.0,0.0,19.0,4.1053,0.0,0.0
1QapGen_Genesis_Apocryphon,20,04,0.0,0.0,0.0,0.1176,0.0,0.0,0.0,17.0,4.0588,0.0,0.0
1QapGen_Genesis_Apocryphon,20,05,0.0,0.0,0.0,0.1765,0.0,0.0,0.0,17.0,5.0,0.0,0.0
1QapGen_Genesis_Apocryphon,20,06,0.0,0.0,0.0,0.2222,0.0,0.0,0.0,18.0,3.7222,0.0,0.0
1QapGen_Genesis_Apocryphon,20,07,0.0,0.0,0.0,0.2222,0.0,0.0,0.0,18.0,4.5,0.0,0.0
1QapGen_Genesis_Apocryphon,20,08,0.0,0.0,0.0,0.1765,0.0,0.0,0.0,17.0,3.8824,0.0,0.0
1QapGen_Genesis_Apocryphon,20,09,0.0,0.0,0.0,0.3571,0.1429,0.1429,0.0,14.0,4.4286,0.0,0.0
1QapGen_Genesis_Apocryphon,20,10,0.0,0.0,0.0,0.25,0.0,0.0,0.0,16.0,4.0625,0.0,0.0
1QapGen_Genesis_Apocryphon,20,11,0.0,0.0,0.0,0.1333,0.0,0.0,0.0,15.0,3.6,0.0,0.0
1QapGen_Genesis_Apocryphon,20,12,0.0,0.0,0.0,0.4,0.0,0.0,0.0,15.0,4.4667,0.0,0.0
1QapGen_Genesis_Apocryphon,20,13,0.0,0.0,0.0,0.25,0.0625,0.0,0.0,16.0,4.0625,0.0,0.0
1QapGen_Genesis_Apocryphon,20,14,0.0,0.0,0.0,0.1053,0.1579,0.1053,0.0,19.0,3.5263,0.0,0.0
1QapGen_Genesis_Apocryphon,20,15,0.0,0.0,0.0,0.2353,0.1176,0.0,0.0,17.0,4.0,0.0,0.0
1QapGen_Genesis_Apocryphon,20,16,0.0,0.0,0.0,0.25,0.0,0.0,0.0,16.0,3.875,0.0,0.0
1QapGen_Genesis_Apocryphon,20,17,0.0,0.0,0.0,0.25,0.125,0.0,0.0,16.0,3.6875,0.0,0.0
1QapGen_Genesis_Apocryphon,20,18,0.0,0.0,0.0,0.3333,0.2667,0.2667,0.0,15.0,4.4,0.0,0.0
1QapGen_Genesis_Apocryphon,20,19,0.0,0.0,0.0,0.1176,0.0,0.0,0.0,17.0,4.4706,0.0,0.0
1QapGen_Genesis_Apocryphon,20,20,0.0,0.0,0.0,0.2,0.2667,0.2667,0.0,15.0,4.3333,0.0,0.0
1QapGen_Genesis_Apocryphon,20,21,0.0,0.0,0.0,0.25,0.0,0.0,0.0,12.0,3.6667,0.0,0.0
1QapGen_Genesis_Apocryphon,20,22,0.0,0.0,0.0,0.2105,0.2105,0.2105,0.0,19.0,4.2105,0.0,0.0
1QapGen_Genesis_Apocryphon,20,23,0.0,0.0,0.0,0.2667,0.0,0.0,0.0,15.0,4.2667,0.0,0.0
1QapGen_Genesis_Apocryphon,20,24,0.0,0.0,0.0,0.1667,0.0,0.0,0.0,12.0,4.0,0.0,0.0
1QapGen_Genesis_Apocryphon,20,25,0.0,0.0,0.0,0.0667,0.1333,0.0667,0.0,15.0,4.9333,0.0,0.0
1QapGen_Genesis_Apocryphon,20,26,0.0,0.0,0.0,0.1818,0.0455,0.0,0.0,22.0,4.6364,0.0,0.0
1QapGen_Genesis_Apocryphon,20,27,0.0,0.0,0.0,0.1765,0.0,0.0,0.0,17.0,4.2941,0.0,0.0
1QapGen_Genesis_Apocryphon,20,28,0.0,0.0,0.0,0.2,0.0,0.0,0.0,20.0,4.75,0.0,0.0
1QapGen_Genesis_Apocryphon,20,29,0.0,0.0,0.0,0.4,0.2667,0.2667,0.0,15.0,5.6,0.0,0.0
1QapGen_Genesis_Apocryphon,20,30,0.0,0.0,0.0,0.125,0.0,0.0,0.0,16.0,5.0625,0.0,0.0
1QapGen_Genesis_Apocryphon,20,31,0.0,0.0,0.0,0.2667,0.0,0.0,0.0,15.0,4.6667,0.0,0.0
1QapGen_Genesis_Apocryphon,20,32,0.0,0.0,0.0,0.125,0.0,0.0,0.0,16.0,5.5625,0.0,0.0
1QapGen_Genesis_Apocryphon,20,33,0.0,0.0,0.0,0.4286,0.0,0.0,0.0,14.0,5.0,0.0,0.0
1QapGen_Genesis_Apocryphon,20,34,0.0,0.0,0.0,0.1667,0.0,0.0,0.0,18.0,3.8889,0.0,0.0
1QapGen_Genesis_Apocryphon,21,01,0.0,0.0,0.0,0.0667,0.0,0.0,0.0,15.0,4.0667,0.0,0.0
1QapGen_Genesis_Apocryphon,21,02,0.0,0.0,0.0,0.4,0.0,0.0,0.0,15.0,4.5333,0.0,0.0
1QapGen_Genesis_Apocryphon,21,03,0.0,0.0,0.0,0.1111,0.2222,0.0556,0.0,18.0,3.5556,0.0,0.0
1QapGen_Genesis_Apocryphon,21,04,0.0,0.0,0.0,0.25,0.0,0.0,0.0,4.0,3.5,0.0,0.0
1QapGen_Genesis_Apocryphon,21,05,0.0,0.0,0.0,0.25,0.0,0.0,0.0,16.0,4.0625,0.0,0.0
1QapGen_Genesis_Apocryphon,21,06,0.0,0.0,0.0,0.2222,0.0,0.0,0.0,18.0,3.3889,0.0,0.0
1QapGen_Genesis_Apocryphon,21,07,0.0,0.0,0.0,0.2353,0.0,0.0,0.0,17.0,3.5882,0.0,0.0
1QapGen_Genesis_Apocryphon,21,08,0.0,0.0,0.0,0.2,0.1333,0.1333,0.0,15.0,3.6667,0.0,0.0
1QapGen_Genesis_Apocryphon,21,09,0.0,0.0,0.0,0.3571,0.3571,0.2857,0.0,14.0,4.6429,0.0,0.0
1QapGen_Genesis_Apocryphon,21,10,0.0,0.0,0.0,0.1875,0.125,0.125,0.0,16.0,4.0,0.0,0.0
1QapGen_Genesis_Apocryphon,21,11,0.0,0.0,0.0,0.1,0.0,0.0,0.0,20.0,3.3,0.0,0.0
1QapGen_Genesis_Apocryphon,21,12,0.0,0.0,0.0,0.1176,0.0,0.0,0.0,17.0,3.7647,0.0,0.0
1QapGen_Genesis_Apocryphon,21,13,0.0,0.0,0.0,0.2353,0.3529,0.2353,0.0,17.0,3.8235,0.0,0.0
1QapGen_Genesis_Apocryphon,21,14,0.0,0.0,0.0,0.2143,0.1429,0.1429,0.0,14.0,4.0,0.0,0.0
1QapGen_Genesis_Apocryphon,21,15,0.0,0.0,0.0,0.25,0.125,0.125,0.0,16.0,3.9375,0.0,0.0
1QapGen_Genesis_Apocryphon,21,16,0.0,0.0,0.0,0.1111,0.0,0.0,0.0,18.0,3.8889,0.0,0.0
1QapGen_Genesis_Apocryphon,21,17,0.0,0.0,0.0,0.1111,0.0,0.0,0.0,18.0,3.6111,0.0,0.0
1QapGen_Genesis_Apocryphon,21,18,0.0,0.0,0.0,0.0556,0.0,0.0,0.0,18.0,3.5556,0.0,0.0
1QapGen_Genesis_Apocryphon,21,19,0.0,0.0,0.0,0.4,0.1333,0.0667,0.0,15.0,4.6,0.0,0.0
1QapGen_Genesis_Apocryphon,21,20,0.0,0.0,0.0,0.3333,0.0,0.0,0.0,15.0,4.5333,0.0,0.0
1QapGen_Genesis_Apocryphon,21,21,0.0,0.0,0.0,0.2,0.0,0.0,0.0,15.0,4.6667,0.0,0.0
1QapGen_Genesis_Apocryphon,21,22,0.0,0.0,0.0,0.25,0.0,0.0,0.0,4.0,3.75,0.0,0.0
1QapGen_Genesis_Apocryphon,21,23,0.0,0.0,0.0,0.0,0.0,0.0,0.0,17.0,4.0,0.0,0.0
1QapGen_Genesis_Apocryphon,21,24,0.0,0.0,0.0,0.1176,0.0588,0.0,0.0,17.0,3.5294,0.0,0.0
1QapGen_Genesis_Apocryphon,21,25,0.0,0.0,0.0,0.1176,0.2353,0.2353,0.0,17.0,3.7647,0.0,0.0
1QapGen_Genesis_Apocryphon,21,26,0.0,0.0,0.0,0.2143,0.0,0.0,0.0,14.0,4.8571,0.0,0.0
1QapGen_Genesis_Apocryphon,21,27,0.0,0.0,0.0,0.0714,0.0,0.0,0.0,14.0,4.7143,0.0,0.0
1QapGen_Genesis_Apocryphon,21,28,0.0,0.0,0.0,0.2667,0.0,0.0,0.0,15.0,4.4,0.0,0.0
1QapGen_Genesis_Apocryphon,21,29,0.0,0.0,0.0,0.2143,0.0,0.0,0.0,14.0,5.3571,0.0,0.0
1QapGen_Genesis_Apocryphon,21,30,0.0,0.0,0.0,0.375,0.25,0.125,0.0,8.0,6.125,0.0,0.0
1QapGen_Genesis_Apocryphon,21,31,0.0,0.0,0.0,0.1429,0.0,0.0,0.0,14.0,4.7857,0.0,0.0
1QapGen_Genesis_Apocryphon,21,32,0.0,0.0,0.0,0.2667,0.0,0.0,0.0,15.0,6.2,0.0,0.0
1QapGen_Genesis_Apocryphon,21,33,0.0,0.0,0.0,0.1818,0.0,0.0,0.0,11.0,5.9091,0.0,0.0
1QapGen_Genesis_Apocryphon,21,34,0.0,0.0,0.0,0.1111,0.0,0.0,0.0,9.0,6.0,0.0,0.0
1QapGen_Genesis_Apocryphon,22,01,0.0,0.0,0.0,0.1429,0.0,0.0,0.0,14.0,3.5,0.0,0.0
1QapGen_Genesis_Apocryphon,22,02,0.0,0.0,0.0,0.0,0.0,0.0,0.0,14.0,3.2857,0.0,0.0
1QapGen_Genesis_Apocryphon,22,03,0.0,0.0,0.0,0.2308,0.0,0.0,0.0,13.0,3.7692,0.0,0.0
1QapGen_Genesis_Apocryphon,22,04,0.0,0.0,0.0,0.4545,0.0,0.0,0.0,11.0,5.0,0.0,0.0
1QapGen_Genesis_Apocryphon,22,05,0.0,0.0,0.0,0.2727,0.3636,0.3636,0.0,11.0,4.0,0.0,0.0
1QapGen_Genesis_Apocryphon,22,06,0.0,0.0,0.0,0.2,0.0,0.0,0.0,10.0,4.9,0.0,0.0
1QapGen_Genesis_Apocryphon,22,07,0.0,0.0,0.0,0.1667,0.0,0.0,0.0,12.0,4.0,0.0,0.0
1QapGen_Genesis_Apocryphon,22,08,0.0,0.0,0.0,0.3636,0.0,0.0,0.0,11.0,4.3636,0.0,0.0
1QapGen_Genesis_Apocryphon,22,09,0.0,0.0,0.0,0.3636,0.0,0.0,0.0,11.0,5.0,0.0,0.0
1QapGen_Genesis_Apocryphon,22,10,0.0,0.0,0.0,0.0769,0.0,0.0,0.0,13.0,3.6154,0.0,0.0
1QapGen_Genesis_Apocryphon,22,11,0.0,0.0,0.0,0.1538,0.0,0.0,0.0,13.0,3.8462,0.0,0.0
1QapGen_Genesis_Apocryphon,22,12,0.0,0.0,0.0,0.0833,0.3333,0.1667,0.0,12.0,3.6667,0.0,0.0
1QapGen_Genesis_Apocryphon,22,13,0.0,0.0,0.0,0.3636,0.0,0.0,0.0,11.0,4.2727,0.0,0.0
1QapGen_Genesis_Apocryphon,22,14,0.0,0.0,0.0,0.1,0.0,0.0,0.0,10.0,4.6,0.0,0.0
1QapGen_Genesis_Apocryphon,22,15,0.0,0.0,0.0,0.3077,0.0,0.0,0.0,13.0,3.8462,0.0,0.0
1QapGen_Genesis_Apocryphon,22,16,0.0,0.0,0.0,0.25,0.0,0.0,0.0,12.0,4.0833,0.0,0.0
1QapGen_Genesis_Apocryphon,22,17,0.0,0.0,0.0,0.1429,0.0,0.0,0.0,14.0,3.7143,0.0,0.0
1QapGen_Genesis_Apocryphon,22,18,0.0,0.0,0.0,0.1,0.0,0.0,0.0,10.0,3.7,0.0,0.0
1QapGen_Genesis_Apocryphon,22,19,0.0,0.0,0.0,0.0667,0.0,0.0,0.0,15.0,3.2667,0.0,0.0
1QapGen_Genesis_Apocryphon,22,20,0.0,0.0,0.0,0.0,0.7273,0.4545,0.0,11.0,3.9091,0.0,0.0
1QapGen_Genesis_Apocryphon,22,21,0.0,0.0,0.0,0.0714,0.0,0.0,0.0,14.0,3.3571,0.0,0.0
1QapGen_Genesis_Apocryphon,22,22,0.0,0.0,0.0,0.0,0.0,0.0,0.0,16.0,3.125,0.0,0.0
1QapGen_Genesis_Apocryphon,22,23,0.0,0.0,0.0,0.0769,0.0,0.0,0.0,13.0,4.0,0.0,0.0
1QapGen_Genesis_Apocryphon,22,24,0.0,0.0,0.0,0.25,0.1667,0.0833,0.0,12.0,4.4167,0.0,0.0
1QapGen_Genesis_Apocryphon,22,25,0.0,0.0,0.0,0.1538,0.0,0.0,0.0,13.0,3.4615,0.0,0.0
1QapGen_Genesis_Apocryphon,22,26,0.0,0.0,0.0,0.5,0.0,0.0,0.0,3.0,4.3333,0.0,0.0
1QapGen_Genesis_Apocryphon,22,27,0.0,0.0,0.0,0.1667,0.1667,0.1667,0.0,12.0,4.25,0.0,0.0
1QapGen_Genesis_Apocryphon,22,28,0.0,0.0,0.0,0.1538,0.0769,0.0,0.0,13.0,3.6923,0.0,0.0
1QapGen_Genesis_Apocryphon,22,29,0.0,0.0,0.0,0.1765,0.2353,0.1765,0.0,17.0,3.1765,0.0,0.0
1QapGen_Genesis_Apocryphon,22,30,0.0,0.0,0.0,0.2,0.0,0.0,0.0,15.0,3.2,0.0,0.0
1QapGen_Genesis_Apocryphon,22,31,0.0,0.0,0.0,0.1818,0.0,0.0,0.0,11.0,4.3636,0.0,0.0
1QapGen_Genesis_Apocryphon,22,32,0.0,0.0,0.0,0.2308,0.0,0.0,0.0,13.0,3.6154,0.0,0.0
1QapGen_Genesis_Apocryphon,22,33,0.0,0.0,0.0,0.1429,0.2143,0.0,0.0,14.0,3.7857,0.0,0.0
1QapGen_Genesis_Apocryphon,22,34,0.0,0.0,0.0,0.0714,0.0,0.0,0.0,14.0,3.8571,0.0,0.0
