scroll_name,scroll_id,column,line,emphatic_ratio,absolute_ratio,function_words_ratio,lexical_diversity,verb_ratio,passive_voice_ratio,plural_ratio,line_length,avg_word_len,v_then_noun_ratio,v_then_prep_ratio
Enoch_All,4Q201_4QEn_a,101,01,0.0,0.0,0.0,0.2,0.0,0.0,0.0,5.0,4.8,0.0,0.0
Enoch_All,4Q201_4QEn_a,101,02,0.0,0.25,0.25,0.5,0.25,0.0,0.0,4.0,6.25,0.0,0.0
Enoch_All,4Q201_4QEn_a,101,03,0.0,0.25,0.375,0.375,0.0,0.0,0.0,8.0,4.5,0.0,0.0
Enoch_All,4Q201_4QEn_a,101,04,0.0,0.2222,0.1111,0.5556,0.1111,0.0,0.0,9.0,4.1111,0.0,0.0
Enoch_All,4Q201_4QEn_a,101,05,0.0,0.0,0.1429,0.5714,0.1429,0.0,0.0,7.0,4.2857,0.0,0.0
Enoch_All,4Q201_4QEn_a,101,06,0.0,0.1429,0.1429,0.4286,0.1429,0.0,0.0,7.0,5.1429,0.0,0.0
Enoch_All,4Q201_4QEn_a,101,07,0.0,0.5,0.125,0.5,0.375,0.125,0.0,8.0,4.375,0.3333,0.0
Enoch_All,4Q201_4QEn_a,101,08,0.0,0.0,0.0,0.25,0.0,0.0,0.0,4.0,4.25,0.0,0.0
Enoch_All,4Q201_4QEn_a,102,01,0.0,0.2222,0.4444,0.5556,1.0,0.6667,0.0,9.0,7.1111,0.0,0.0
Enoch_All,4Q201_4QEn_a,102,02,0.0,0.1818,0.0909,0.6364,0.6364,0.3636,0.0,11.0,6.1818,0.0,0.0
Enoch_All,4Q201_4QEn_a,102,03,0.0,0.4444,0.3333,0.5556,0.0,0.0,0.0,9.0,5.0,0.0,0.0
Enoch_All,4Q201_4QEn_a,102,04,0.0,0.5,0.0,0.7,0.5,0.2,0.0,10.0,5.2,0.0,0.0
Enoch_All,4Q201_4QEn_a,102,05,0.0,0.1429,0.1429,0.5714,0.7143,0.5714,0.0,7.0,7.1429,0.0,0.0
Enoch_All,4Q201_4QEn_a,102,06,0.0,0.2222,0.1111,0.5556,0.3333,0.2222,0.0,9.0,4.6667,0.0,0.0
Enoch_All,4Q201_4QEn_a,102,07,0.0,0.125,0.5,0.5,0.125,0.0,0.0,8.0,6.0,0.0,0.0
Enoch_All,4Q201_4QEn_a,102,08,0.0,0.2,0.5,0.7,0.2,0.0,0.0,10.0,4.3,0.0,0.0
Enoch_All,4Q201_4QEn_a,102,09,0.0,0.2222,0.3333,0.7778,0.4444,0.0,0.0,9.0,5.8889,0.0,0.0
Enoch_All,4Q201_4QEn_a,102,10,0.0,0.3333,0.2222,0.6667,0.5556,0.4444,0.0,9.0,5.7778,0.0,0.0
Enoch_All,4Q201_4QEn_a,102,11,0.0,0.4444,0.0,0.5556,0.2222,0.0,0.0,9.0,4.2222,0.5,0.0
Enoch_All,4Q201_4QEn_a,102,12,0.0,0.25,0.25,0.5,0.375,0.0,0.0,8.0,4.75,0.0,0.0
Enoch_All,4Q201_4QEn_a,102,13,0.0,0.25,0.5,0.625,0.25,0.0,0.0,8.0,6.125,0.0,0.0
Enoch_All,4Q201_4QEn_a,102,14,0.0,0.4,0.2,0.7,0.4,0.2,0.0,10.0,4.1,0.25,0.0
Enoch_All,4Q201_4QEn_a,102,15,0.125,0.5,0.375,0.625,0.125,0.0,0.2,8.0,5.25,0.0,0.0
Enoch_All,4Q201_4QEn_a,102,16,0.0,0.5714,0.0,0.5714,0.0,0.0,0.0,7.0,4.1429,0.0,0.0
Enoch_All,4Q201_4QEn_a,102,17,0.0,0.25,0.25,0.25,0.0,0.0,0.0,4.0,3.75,0.0,0.0
Enoch_All,4Q201_4QEn_a,103,01,0.0,0.1667,0.1667,0.5,0.3333,0.0,0.0,6.0,3.1667,0.0,0.0
Enoch_All,4Q201_4QEn_a,103,02,0.0,0.2857,0.1429,0.7143,0.4286,0.1429,0.0,7.0,3.2857,0.0,0.0
Enoch_All,4Q201_4QEn_a,103,03,0.0,0.2,0.2,0.6,0.2,0.0,0.0,5.0,3.8,0.0,0.0
Enoch_All,4Q201_4QEn_a,103,04,0.0,0.1667,0.3333,0.3333,0.0,0.0,0.0,6.0,4.0,0.0,0.0
Enoch_All,4Q201_4QEn_a,103,05,0.0,0.0,0.375,0.375,0.25,0.0,0.0,8.0,3.875,0.0,0.0
Enoch_All,4Q201_4QEn_a,103,06,0.0,0.0,0.0,0.125,0.0,0.0,0.0,8.0,4.125,0.0,0.0
Enoch_All,4Q201_4QEn_a,103,07,0.0,0.0,0.0,0.125,0.0,0.0,0.0,8.0,3.875,0.0,0.0
Enoch_All,4Q201_4QEn_a,103,08,0.0,0.0,0.0,0.3333,0.0,0.0,0.0,9.0,4.7778,0.0,0.0
Enoch_All,4Q201_4QEn_a,103,09,0.0,0.0,0.0,0.25,0.0,0.0,0.0,8.0,4.25,0.0,0.0
Enoch_All,4Q201_4QEn_a,103,10,0.0,0.0,0.0,0.25,0.0,0.0,0.0,8.0,8.375,0.0,0.0
Enoch_All,4Q201_4QEn_a,103,11,0.0,0.0,0.0,0.3333,0.0,0.0,0.0,9.0,5.2222,0.0,0.0
Enoch_All,4Q201_4QEn_a,103,12,0.0,0.0,0.0,0.25,0.0,0.0,0.0,8.0,5.75,0.0,0.0
Enoch_All,4Q201_4QEn_a,103,13,0.0,0.3333,0.1111,0.5556,0.0,0.0,0.0,9.0,6.1111,0.0,0.0
Enoch_All,4Q201_4QEn_a,103,14,0.0,0.2857,0.1429,0.5714,0.1429,0.0,0.0,7.0,2.8571,0.0,0.0
Enoch_All,4Q201_4QEn_a,103,15,0.0,0.2,0.2,0.6,0.2,0.0,0.0,5.0,4.2,0.0,0.0
Enoch_All,4Q201_4QEn_a,103,16,0.0,0.0,0.5,0.5,0.5,0.0,0.0,6.0,3.8333,0.0,0.0
Enoch_All,4Q201_4QEn_a,103,17,0.0,0.1667,0.1667,0.6667,0.3333,0.0,0.0,6.0,3.6667,0.0,0.0
Enoch_All,4Q201_4QEn_a,103,18,0.0,0.5,0.1667,0.6667,0.0,0.0,0.0,6.0,4.0,0.0,0.0
Enoch_All,4Q201_4QEn_a,103,19,0.0,0.2,0.2,0.6,0.4,0.0,0.0,5.0,4.6,0.0,0.0
Enoch_All,4Q201_4QEn_a,103,20,0.0,0.4286,0.4286,0.7143,0.0,0.0,0.0,7.0,4.0,0.0,0.0
Enoch_All,4Q201_4QEn_a,103,21,0.2,0.2,0.6,0.4,0.2,0.0,0.5,5.0,5.6,0.0,0.0
Enoch_All,4Q201_4QEn_a,103,22,0.0,0.0,0.0,0.25,0.0,0.0,0.0,4.0,4.5,0.0,0.0
Enoch_All,4Q201_4QEn_a,104,01,0.0,0.2,0.0,0.4,0.2,0.0,0.0,5.0,4.2,0.0,0.0
Enoch_All,4Q201_4QEn_a,104,02,0.0,0.6,0.4,0.4,0.0,0.0,0.0,5.0,4.6,0.0,0.0
Enoch_All,4Q201_4QEn_a,104,03,0.0,0.4,0.0,0.4,0.0,0.0,0.0,5.0,7.8,0.0,0.0
Enoch_All,4Q201_4QEn_a,104,04,0.0,0.375,0.0,0.5,0.125,0.0,0.0,8.0,4.25,0.0,0.0
Enoch_All,4Q201_4QEn_a,104,05,0.0,0.5,0.4,0.7,0.1,0.0,0.0,10.0,4.9,0.0,0.0
Enoch_All,4Q201_4QEn_a,104,06,0.0,0.0,0.3333,0.4444,0.2222,0.0,0.0,9.0,5.3333,0.0,0.0
Enoch_All,4Q201_4QEn_a,104,07,0.0,0.3333,0.3333,0.6667,0.3333,0.1667,0.0,12.0,3.75,0.0,0.0
Enoch_All,4Q201_4QEn_a,104,08,0.0,0.125,0.25,0.625,0.375,0.0,0.0,8.0,4.875,0.0,0.0
Enoch_All,4Q201_4QEn_a,104,09,0.0,0.3333,0.5,0.5,0.1667,0.0,0.0,6.0,6.1667,0.0,0.0
Enoch_All,4Q201_4QEn_a,104,10,0.2857,0.1429,0.0,0.4286,0.0,0.0,0.6667,7.0,4.1429,0.0,0.0
Enoch_All,4Q201_4QEn_a,104,11,0.0,0.0,0.1667,0.3333,0.3333,0.0,0.0,6.0,4.0,0.0,0.0
Enoch_All,4Q201_4QEn_a,104,19,0.0,0.4,0.2,0.4,0.0,0.0,0.0,5.0,4.0,0.0,0.0
Enoch_All,4Q201_4QEn_a,104,20,0.0,0.0,0.0,0.0,0.0,0.0,0.0,4.0,5.25,0.0,0.0
Enoch_All,4Q201_4QEn_a,104,21,0.0,0.5,0.0,0.5,0.0,0.0,0.0,6.0,4.1667,0.0,0.0
Enoch_All,4Q201_4QEn_a,105,03,0.0,0.1667,0.0,0.3333,0.1667,0.0,0.0,6.0,4.0,0.0,0.0
Enoch_All,4Q201_4QEn_a,105,04,0.0,0.1429,0.4286,0.4286,0.0,0.0,0.0,7.0,4.7143,0.0,0.0
Enoch_All,4Q201_4QEn_a,105,05,0.0,0.0,0.0,0.3333,0.3333,0.0,0.0,6.0,4.8333,0.0,0.0
Enoch_All,4Q201_4QEn_a,106,03,0.0,0.0,0.1667,0.3333,0.3333,0.0,0.0,6.0,6.5,0.0,0.0
Enoch_All,4Q201_4QEn_a,106,04,0.0,0.0,0.0,0.5,0.0,0.0,0.0,2.0,1.5,0.0,0.0
Enoch_All,4Q201_4QEn_a,106,05,0.0,0.0,0.0,0.4,0.2,0.0,0.0,5.0,3.8,0.0,0.0
Enoch_All,4Q201_4QEn_a,106,06,0.0,0.0,0.4,0.4,0.2,0.0,0.0,5.0,4.2,0.0,0.0
Enoch_All,4Q201_4QEn_a,106,15,0.0,0.2,0.0,0.4,0.2,0.0,0.0,5.0,5.6,0.0,0.0
Enoch_All,4Q201_4QEn_a,106,16,0.0,0.0,0.2,0.4,0.2,0.0,0.0,5.0,4.4,0.0,0.0
Enoch_All,4Q201_4QEn_a,106,17,0.0,0.25,0.0,0.25,0.0,0.0,0.0,4.0,4.5,0.0,0.0
Enoch_All,4Q202_4QEn_b,102,01,0.0,0.5,0.0,0.5,0.0,0.0,0.0,4.0,4.75,0.0,0.0
Enoch_All,4Q202_4QEn_b,102,02,0.0,0.0,0.5,0.5,0.25,0.0,0.0,4.0,3.75,0.0,0.0
Enoch_All,4Q202_4QEn_b,102,03,0.0,0.0,0.25,0.5,0.0,0.0,0.0,4.0,3.75,0.0,0.0
Enoch_All,4Q202_4QEn_b,102,04,0.0,0.0,0.3333,0.5,0.3333,0.0,0.0,3.0,4.3333,0.0,0.0
Enoch_All,4Q202_4QEn_b,102,05,0.0,0.0,0.0,0.5,0.0,0.0,0.0,2.0,2.5,0.0,0.0
Enoch_All,4Q202_4QEn_b,102,06,0.0,0.0,0.25,0.25,0.25,0.0,0.0,4.0,4.0,0.0,0.0
Enoch_All,4Q202_4QEn_b,102,07,0.0,0.1667,0.0,0.5,0.1667,0.0,0.0,6.0,3.5,0.0,0.0
Enoch_All,4Q202_4QEn_b,102,08,0.0,0.0,0.0,0.5,0.6667,0.0,0.0,3.0,3.6667,0.0,0.0
Enoch_All,4Q202_4QEn_b,102,15,0.0,0.0,0.0,0.3333,0.0,0.0,0.0,6.0,4.3333,0.0,0.0
Enoch_All,4Q202_4QEn_b,102,16,0.0,0.0,0.0,0.1429,0.0,0.0,0.0,7.0,7.1429,0.0,0.0
Enoch_All,4Q202_4QEn_b,102,17,0.0,0.0909,0.0,0.5455,0.0,0.0,0.0,11.0,5.6364,0.0,0.0
Enoch_All,4Q202_4QEn_b,102,18,0.0,0.2857,0.2857,0.5714,0.1429,0.0,0.0,7.0,3.7143,0.0,0.0
Enoch_All,4Q202_4QEn_b,102,19,0.0,0.0,0.2,0.2,0.0,0.0,1.0,5.0,5.6,0.0,0.0
Enoch_All,4Q202_4QEn_b,102,20,0.0,0.0,0.0,0.5,0.0,0.0,0.0,2.0,2.5,0.0,0.0
Enoch_All,4Q202_4QEn_b,102,21,0.0,0.1667,0.3333,0.5,0.3333,0.0,0.0,6.0,6.3333,0.0,0.0
Enoch_All,4Q202_4QEn_b,102,22,0.0,0.0,0.0,0.0,0.0,0.0,0.0,4.0,4.75,0.0,0.0
Enoch_All,4Q202_4QEn_b,102,23,0.0,0.0,0.0,0.5,0.0,0.0,0.0,2.0,2.5,0.0,0.0
Enoch_All,4Q202_4QEn_b,102,24,0.0,0.25,0.25,0.25,0.0,0.0,0.0,4.0,4.5,0.0,0.0
Enoch_All,4Q202_4QEn_b,102,25,0.0,0.1667,0.1667,0.6667,0.5,0.0,0.0,6.0,4.5,0.0,0.3333
Enoch_All,4Q202_4QEn_b,102,26,0.0,0.4167,0.0833,0.5833,0.25,0.0,0.0,12.0,5.25,0.3333,0.0
Enoch_All,4Q202_4QEn_b,102,27,0.0,0.2857,0.0,0.5714,0.2143,0.0,0.0,14.0,5.2143,0.0,0.0
Enoch_All,4Q202_4QEn_b,102,28,0.0,0.25,0.375,0.625,0.0,0.0,0.0,8.0,3.75,0.0,0.0
Enoch_All,4Q202_4QEn_b,103,01,0.0,0.0,0.125,0.375,0.375,0.0,0.0,8.0,4.75,0.0,0.0
Enoch_All,4Q202_4QEn_b,103,02,0.0,0.1429,0.0,0.2857,0.2857,0.0,0.0,7.0,4.4286,0.0,0.0
Enoch_All,4Q202_4QEn_b,103,03,0.0,0.3333,0.0,0.5,0.1667,0.0,0.0,6.0,4.1667,0.0,0.0
Enoch_All,4Q202_4QEn_b,103,04,0.0,0.2857,0.0,0.4286,0.1429,0.0,0.0,7.0,4.2857,0.0,0.0
Enoch_All,4Q202_4QEn_b,103,05,0.0,0.1667,0.1667,0.5,0.3333,0.0,0.0,6.0,4.6667,0.0,0.0
Enoch_All,4Q202_4QEn_b,103,06,0.1429,0.2857,0.1429,0.4286,0.0,0.0,0.3333,7.0,4.5714,0.0,0.0
Enoch_All,4Q202_4QEn_b,103,07,0.0,0.0,0.2857,0.1429,0.0,0.0,0.0,7.0,5.2857,0.0,0.0
Enoch_All,4Q202_4QEn_b,103,08,0.0,0.1667,0.1667,0.5,0.1667,0.0,0.0,6.0,4.6667,0.0,0.0
Enoch_All,4Q202_4QEn_b,103,09,0.0,0.0,0.0,0.5,0.0,0.0,0.0,2.0,2.5,0.0,0.0
Enoch_All,4Q202_4QEn_b,103,10,0.0,0.5,0.25,0.75,0.125,0.0,0.0,8.0,4.75,0.0,0.0
Enoch_All,4Q202_4QEn_b,103,11,0.1429,0.1429,0.0,0.4286,0.1429,0.0,0.5,7.0,5.0,0.0,0.0
Enoch_All,4Q202_4QEn_b,103,12,0.0,0.0,0.0,0.5,0.0,0.0,0.0,2.0,2.5,0.0,0.0
Enoch_All,4Q202_4QEn_b,103,13,0.0,0.0,0.2,0.2,0.0,0.0,0.0,5.0,4.8,0.0,0.0
Enoch_All,4Q202_4QEn_b,103,14,0.0,0.375,0.0,0.5,0.0,0.0,0.0,8.0,3.75,0.0,0.0
Enoch_All,4Q202_4QEn_b,103,15,0.0,0.6,0.2,0.6,0.0,0.0,0.0,10.0,4.0,0.0,0.0
Enoch_All,4Q202_4QEn_b,103,16,0.0,0.2857,0.1429,0.4286,0.0,0.0,0.0,7.0,6.0,0.0,0.0
Enoch_All,4Q202_4QEn_b,104,05,0.0,0.2857,0.0,0.4286,0.1429,0.0,0.0,7.0,4.5714,0.0,0.0
Enoch_All,4Q202_4QEn_b,104,06,0.0,0.4444,0.3333,0.4444,0.0,0.0,0.0,9.0,4.7778,0.0,0.0
Enoch_All,4Q202_4QEn_b,104,07,0.0,0.0,0.0,0.5,0.25,0.0,1.0,8.0,4.5,0.0,0.0
Enoch_All,4Q202_4QEn_b,104,08,0.0,0.0,0.3333,0.5,1.0,0.0,0.0,3.0,4.3333,0.0,0.0
Enoch_All,4Q202_4QEn_b,104,09,0.0,0.375,0.125,0.375,0.125,0.0,0.0,8.0,5.75,0.0,0.0
Enoch_All,4Q202_4QEn_b,104,10,0.0,0.3333,0.1111,0.6667,0.5556,0.2222,0.0,9.0,5.2222,0.0,0.0
Enoch_All,4Q202_4QEn_b,104,11,0.0,0.3333,0.1667,0.6667,0.0,0.0,0.0,6.0,3.1667,0.0,0.0
Enoch_All,4Q202_4QEn_b,106,05,0.0,0.0,0.2,0.4,0.2,0.0,0.0,5.0,4.0,0.0,0.0
Enoch_All,4Q202_4QEn_b,106,06,0.0,0.0,0.1667,0.5,0.5,0.1667,0.0,6.0,4.0,0.0,0.0
Enoch_All,4Q202_4QEn_b,106,07,0.0,0.1667,0.0,0.5,0.3333,0.0,0.0,6.0,5.0,0.0,0.0
Enoch_All,4Q202_4QEn_b,106,08,0.0,0.2,0.0,0.2,0.0,0.0,0.0,5.0,4.0,0.0,0.0
Enoch_All,4Q202_4QEn_b,106,09,0.0,0.5,0.5,0.5,0.0,0.0,0.0,4.0,7.25,0.0,0.0
Enoch_All,4Q202_4QEn_b,106,10,0.0,0.0,0.5,0.5,0.1667,0.0,0.0,6.0,5.8333,0.0,0.0
Enoch_All,4Q204_4QEn_c,101,15,0.0,0.0,0.0,0.4,0.0,0.0,0.0,5.0,4.6,0.0,0.0
Enoch_All,4Q204_4QEn_c,101,16,0.0,0.3333,0.1667,0.5,0.0,0.0,0.0,6.0,4.0,0.0,0.0
Enoch_All,4Q204_4QEn_c,101,17,0.0,0.0,0.2,0.4,0.0,0.0,0.0,5.0,4.8,0.0,0.0
Enoch_All,4Q204_4QEn_c,101,18,0.125,0.5,0.25,0.5,0.0,0.0,0.2,8.0,4.5,0.0,0.0
Enoch_All,4Q204_4QEn_c,101,19,0.0,0.4286,0.1429,0.5714,0.1429,0.0,0.0,7.0,5.4286,0.0,0.0
Enoch_All,4Q204_4QEn_c,101,20,0.0,0.2857,0.2857,0.5714,1.1429,0.8571,0.0,7.0,5.0,0.0,0.0
Enoch_All,4Q204_4QEn_c,101,21,0.0,0.1429,0.1429,0.5714,0.5714,0.2857,0.0,7.0,5.0,0.0,0.0
Enoch_All,4Q204_4QEn_c,101,22,0.0,0.3333,0.0,0.3333,0.0,0.0,0.0,6.0,3.6667,0.0,0.0
Enoch_All,4Q204_4QEn_c,101,23,0.0,0.0,0.0,0.5,0.0,0.0,0.0,2.0,2.5,0.0,0.0
Enoch_All,4Q204_4QEn_c,101,24,0.0,0.0,0.2857,0.4286,0.0,0.0,0.0,7.0,5.5714,0.0,0.0
Enoch_All,4Q204_4QEn_c,101,25,0.0,0.1429,0.2857,0.5714,0.0,0.0,0.0,7.0,4.4286,0.0,0.0
Enoch_All,4Q204_4QEn_c,101,26,0.0,0.125,0.25,0.625,0.375,0.0,0.0,8.0,4.875,0.0,0.0
Enoch_All,4Q204_4QEn_c,101,27,0.0,0.25,0.25,0.625,0.25,0.0,0.0,8.0,5.0,0.0,0.0
Enoch_All,4Q204_4QEn_c,101,28,0.0,0.375,0.375,0.625,0.375,0.0,0.0,8.0,5.5,0.0,0.0
Enoch_All,4Q204_4QEn_c,101,29,0.0,0.4,0.0,0.4,0.0,0.0,0.0,5.0,6.8,0.0,0.0
Enoch_All,4Q204_4QEn_c,101,30,0.0,0.2857,0.0,0.4286,0.0,0.0,0.0,7.0,3.4286,0.0,0.0
Enoch_All,4Q204_4QEn_c,102,24,0.0,0.3333,0.1667,0.5,0.0,0.0,0.0,6.0,5.8333,0.0,0.0
Enoch_All,4Q204_4QEn_c,102,25,0.0,0.0,0.0,0.2857,0.0,0.0,0.0,7.0,3.5714,0.0,0.0
Enoch_All,4Q204_4QEn_c,102,26,0.0,0.0,0.0,0.2727,0.0,0.0,0.0,11.0,5.2727,0.0,0.0
Enoch_All,4Q204_4QEn_c,102,27,0.0,0.0,0.1,0.3,0.0,0.0,0.0,10.0,5.2,0.0,0.0
Enoch_All,4Q204_4QEn_c,102,28,0.0,0.0,0.0,0.1538,0.0,0.0,0.0,13.0,5.4615,0.0,0.0
Enoch_All,4Q204_4QEn_c,105,01,0.0,0.375,0.25,0.375,0.375,0.25,0.0,8.0,4.5,0.0,0.0
Enoch_All,4Q204_4QEn_c,105,02,0.0,0.375,0.375,0.625,0.25,0.0,0.0,8.0,5.0,0.0,0.0
Enoch_All,4Q204_4QEn_c,105,03,0.0,0.1667,0.3333,0.5,0.1667,0.0,0.0,6.0,4.0,0.0,0.0
Enoch_All,4Q204_4QEn_c,105,04,0.0,0.2857,0.1429,0.5714,0.2857,0.0,0.0,7.0,5.0,0.0,0.0
Enoch_All,4Q204_4QEn_c,105,05,0.0,0.2222,0.2222,0.5556,0.2222,0.0,0.0,9.0,5.0,0.0,0.0
Enoch_All,4Q204_4QEn_c,105,06,0.0,0.3333,0.3333,0.5,0.3333,0.0,0.0,6.0,5.0,0.0,0.5
Enoch_All,4Q204_4QEn_c,105,07,0.0,0.5556,0.3333,0.5556,0.1111,0.0,0.0,9.0,5.3333,0.0,0.0
Enoch_All,4Q204_4QEn_c,105,08,0.0,0.0,0.25,0.5,0.25,0.0,0.0,4.0,4.25,0.0,0.0
Enoch_All,4Q204_4QEn_c,105,09,0.0,0.0,0.0,0.5,0.0,0.0,0.0,3.0,3.3333,0.0,0.0
Enoch_All,4Q204_4QEn_c,105,19,0.0,0.0,0.5,0.5,0.0,0.0,0.0,4.0,4.5,0.0,0.0
Enoch_All,4Q204_4QEn_c,106,01,0.0909,0.2727,0.2727,0.6364,0.0,0.0,0.25,11.0,4.2727,0.0,0.0
Enoch_All,4Q204_4QEn_c,106,02,0.0,0.125,0.125,0.375,0.25,0.0,0.0,8.0,5.25,0.0,0.0
Enoch_All,4Q204_4QEn_c,106,03,0.125,0.0,0.125,0.375,0.125,0.0,1.0,8.0,4.875,0.0,0.0
Enoch_All,4Q204_4QEn_c,106,04,0.0,0.6667,0.0,0.6667,0.0,0.0,0.0,6.0,4.0,0.0,0.0
Enoch_All,4Q204_4QEn_c,106,05,0.0,0.3333,0.1667,0.6667,0.6667,0.3333,0.0,6.0,4.3333,0.0,0.0
Enoch_All,4Q204_4QEn_c,106,06,0.0,0.125,0.5,0.5,0.375,0.0,0.0,8.0,5.125,0.0,0.0
Enoch_All,4Q204_4QEn_c,106,07,0.0,0.2,0.4,0.6,0.2,0.0,0.0,5.0,4.2,0.0,0.0
Enoch_All,4Q204_4QEn_c,106,08,0.125,0.375,0.375,0.625,0.125,0.0,0.25,8.0,4.5,0.0,0.0
Enoch_All,4Q204_4QEn_c,106,09,0.0,0.6,0.0,0.6,0.0,0.0,0.0,5.0,3.4,0.0,0.0
Enoch_All,4Q204_4QEn_c,106,10,0.0,0.1429,0.1429,0.4286,0.0,0.0,0.0,7.0,3.4286,0.0,0.0
Enoch_All,4Q204_4QEn_c,106,11,0.0,0.125,0.0,0.5,0.25,0.0,0.0,8.0,4.625,0.0,0.0
Enoch_All,4Q204_4QEn_c,106,12,0.0,0.2222,0.2222,0.5556,0.5556,0.0,0.0,9.0,4.4444,0.0,0.0
Enoch_All,4Q204_4QEn_c,106,13,0.0,0.25,0.375,0.5,0.5,0.25,0.0,8.0,6.875,0.25,0.0
Enoch_All,4Q204_4QEn_c,106,14,0.0,0.125,0.5,0.625,0.0,0.0,0.0,8.0,4.375,0.0,0.0
Enoch_All,4Q204_4QEn_c,106,15,0.0,0.375,0.125,0.625,0.125,0.0,0.0,8.0,4.0,0.0,0.0
Enoch_All,4Q204_4QEn_c,106,16,0.0,0.1667,0.0,0.3333,0.0,0.0,0.0,6.0,5.6667,0.0,0.0
Enoch_All,4Q204_4QEn_c,106,17,0.0,0.2857,0.2857,0.5714,0.1429,0.0,0.0,7.0,7.0,1.0,0.0
Enoch_All,4Q204_4QEn_c,106,18,0.0,0.0,0.2,0.6,0.4,0.0,0.0,5.0,4.6,0.0,0.0
Enoch_All,4Q204_4QEn_c,106,19,0.0,0.0,0.1429,0.4286,0.1429,0.0,0.0,7.0,2.8571,0.0,0.0
Enoch_All,4Q204_4QEn_c,106,20,0.0,0.3333,0.3333,0.3333,0.0,0.0,0.0,6.0,4.0,0.0,0.0
Enoch_All,4Q204_4QEn_c,106,21,0.1667,0.0,0.5,0.3333,0.3333,0.0,1.0,6.0,5.5,0.0,0.0
Enoch_All,4Q204_4QEn_c,106,22,0.0,0.3333,0.1667,0.6667,0.1667,0.0,0.0,6.0,5.1667,0.0,0.0
Enoch_All,4Q204_4QEn_c,106,23,0.0,0.1429,0.1429,0.5714,0.1429,0.0,0.0,7.0,3.2857,0.0,0.0
Enoch_All,4Q204_4QEn_c,106,24,0.0,0.3333,0.0,0.3333,0.0,0.0,0.0,6.0,3.5,0.0,0.0
Enoch_All,4Q204_4QEn_c,106,25,0.0,0.4,0.0,0.4,0.0,0.0,0.0,5.0,4.6,0.0,0.0
Enoch_All,4Q204_4QEn_c,106,26,0.0,0.4,0.4,0.4,0.0,0.0,0.0,5.0,4.2,0.0,0.0
Enoch_All,4Q204_4QEn_c,106,27,0.0,0.0,0.4,0.2,0.4,0.0,0.0,5.0,4.2,0.0,0.0
Enoch_All,4Q204_4QEn_c,106,28,0.0,0.125,0.25,0.5,0.0,0.0,0.0,8.0,3.25,0.0,0.0
Enoch_All,4Q204_4QEn_c,106,29,0.0,0.0,0.0,0.3333,0.3333,0.0,0.0,6.0,4.5,0.0,0.0
Enoch_All,4Q204_4QEn_c,107,01,0.0,0.2857,0.0,0.2857,0.0,0.0,0.0,7.0,4.8571,0.0,0.0
Enoch_All,4Q204_4QEn_c,107,02,0.0,0.2,0.0,0.4,0.0,0.0,0.0,5.0,3.8,0.0,0.0
Enoch_All,4Q204_4QEn_c,108,27,0.0,0.25,0.0,0.5,0.25,0.0,0.0,4.0,3.75,1.0,0.0
Enoch_All,4Q204_4QEn_c,108,28,0.0,0.0,0.25,0.5,0.75,0.0,0.0,4.0,4.25,0.0,0.0
Enoch_All,4Q204_4QEn_c,108,29,0.0,0.25,0.25,0.5,0.0,0.0,0.0,4.0,3.25,0.0,0.0
Enoch_All,4Q204_4QEn_c,108,30,0.0,0.0,0.25,0.5,0.0,0.0,0.0,4.0,2.5,0.0,0.0
Enoch_All,4Q204_4QEn_c,112,01,0.0,0.0,0.4,0.6,0.2,0.0,0.0,5.0,4.8,0.0,0.0
Enoch_All,4Q204_4QEn_c,112,02,0.0,0.2857,0.0,0.4286,0.0,0.0,0.0,7.0,3.1429,0.0,0.0
Enoch_All,4Q204_4QEn_c,112,03,0.0,0.375,0.25,0.75,0.375,0.25,0.0,8.0,4.375,0.0,0.0
Enoch_All,4Q204_4QEn_c,112,04,0.0,0.2,0.3,0.7,0.4,0.2,0.0,10.0,4.4,0.0,0.0
Enoch_All,4Q204_4QEn_c,112,05,0.0,0.3333,0.3333,0.5556,0.3333,0.2222,0.0,9.0,4.4444,0.0,0.0
Enoch_All,4Q204_4QEn_c,112,06,0.0,0.1818,0.2727,0.5455,0.0909,0.0,0.0,11.0,6.0,0.0,0.0
Enoch_All,4Q204_4QEn_c,112,07,0.0,0.375,0.125,0.75,0.25,0.0,0.0,8.0,3.625,0.0,0.0
Enoch_All,4Q204_4QEn_c,112,08,0.0,0.2857,0.0,0.5714,0.4286,0.2857,0.0,7.0,5.1429,0.0,0.0
Enoch_All,4Q204_4QEn_c,113,23,0.0,0.25,0.0,0.5,0.25,0.0,0.0,4.0,4.5,0.0,0.0
Enoch_All,4Q204_4QEn_c,113,24,0.0,0.2,0.2,0.4,0.0,0.0,0.0,5.0,4.0,0.0,0.0
Enoch_All,4Q204_4QEn_c,113,25,0.0,0.2857,0.1429,0.7143,0.1429,0.0,0.0,7.0,3.7143,0.0,0.0
Enoch_All,4Q204_4QEn_c,113,26,0.0,0.6667,0.1667,0.6667,0.0,0.0,0.0,6.0,3.5,0.0,0.0
Enoch_All,4Q204_4QEn_c,113,27,0.0,0.2,0.0,0.6,0.6,0.4,0.0,5.0,5.2,0.0,0.0
Enoch_All,4Q204_4QEn_c,113,28,0.25,0.0,0.0,0.5,0.25,0.0,1.0,4.0,5.75,0.0,0.0
Enoch_All,4Q204_4QEn_c,113,29,0.0,0.0,0.0,0.5,0.0,0.0,0.0,2.0,1.5,0.0,0.0
Enoch_All,4Q204_4QEn_c,113,30,0.0,0.0,0.25,0.5,0.25,0.0,0.0,4.0,4.75,0.0,0.0
Enoch_All,4Q204_4QEn_c,400,01,0.0,0.1429,0.2857,0.5714,0.2857,0.0,0.0,7.0,6.5714,0.0,0.0
Enoch_All,4Q204_4QEn_c,400,02,0.0,0.0,0.1818,0.6364,0.6364,0.3636,0.0,11.0,5.3636,0.0,0.0
Enoch_All,4Q204_4QEn_c,400,03,0.1,0.2,0.3,0.6,0.2,0.0,0.3333,10.0,4.9,0.0,0.0
Enoch_All,4Q204_4QEn_c,400,04,0.0833,0.1667,0.3333,0.5833,0.4167,0.0,0.3333,12.0,3.6667,0.2,0.0
Enoch_All,4Q204_4QEn_c,400,05,0.1,0.1,0.3,0.5,0.2,0.0,0.5,10.0,4.6,0.0,0.0
Enoch_All,4Q204_4QEn_c,400,06,0.0,0.1429,0.2857,0.7143,0.7143,0.1429,0.0,7.0,6.4286,0.0,0.0
Enoch_All,4Q204_4QEn_c,400,07,0.1111,0.1111,0.3333,0.6667,0.2222,0.0,0.5,9.0,5.4444,0.0,0.0
Enoch_All,4Q204_4QEn_c,400,08,0.1111,0.3333,0.0,0.7778,0.3333,0.1111,0.25,9.0,4.3333,0.0,0.0
Enoch_All,4Q204_4QEn_c,400,09,0.0,0.0,0.3333,0.6667,0.6667,0.0,0.0,9.0,7.3333,0.0,0.0
Enoch_All,4Q204_4QEn_c,400,10,0.0,0.3333,0.2222,0.6667,0.4444,0.0,0.0,9.0,4.4444,0.25,0.0
Enoch_All,4Q204_4QEn_c,400,11,0.0,0.3333,0.0,0.5,0.0,0.0,0.0,6.0,4.6667,0.0,0.0
Enoch_All,4Q204_4QEn_c,501,20,0.0,0.25,0.0,0.5,0.25,0.0,0.0,4.0,4.5,0.0,0.0
Enoch_All,4Q204_4QEn_c,501,21,0.0,0.5,0.25,0.5,0.0,0.0,0.0,4.0,3.75,0.0,0.0
Enoch_All,4Q204_4QEn_c,501,22,0.0,0.0,0.0,0.5,0.25,0.0,0.0,4.0,4.25,0.0,0.0
Enoch_All,4Q204_4QEn_c,501,23,0.0,0.2,0.0,0.2,0.0,0.0,0.0,5.0,2.6,0.0,0.0
Enoch_All,4Q204_4QEn_c,501,24,0.0,0.0,0.0,0.5,0.0,0.0,0.0,2.0,2.5,0.0,0.0
Enoch_All,4Q204_4QEn_c,501,25,0.0,0.0,0.0,0.5,0.0,0.0,0.0,2.0,2.5,0.0,0.0
Enoch_All,4Q204_4QEn_c,501,26,0.0,0.25,0.0,0.25,0.0,0.0,0.0,4.0,3.25,0.0,0.0
Enoch_All,4Q204_4QEn_c,501,27,0.0,0.25,0.25,0.5,0.0,0.0,0.0,4.0,3.5,0.0,0.0
Enoch_All,4Q204_4QEn_c,501,28,0.0,0.0,0.3333,0.5,0.0,0.0,0.0,3.0,4.0,0.0,0.0
Enoch_All,4Q204_4QEn_c,501,29,0.0,0.3333,0.0,0.5,0.0,0.0,0.0,3.0,3.3333,0.0,0.0
Enoch_All,4Q204_4QEn_c,502,17,0.0,0.4286,0.1429,0.5714,0.1429,0.0,0.0,7.0,4.0,0.0,0.0
Enoch_All,4Q204_4QEn_c,502,18,0.0,0.0,0.125,0.625,0.625,0.0,0.0,8.0,5.125,0.0,0.0
Enoch_All,4Q204_4QEn_c,502,19,0.0,0.0,0.0,0.5,0.0,0.0,0.0,2.0,2.5,0.0,0.0
Enoch_All,4Q204_4QEn_c,502,20,0.0,0.125,0.125,0.375,0.125,0.0,0.0,8.0,4.25,0.0,0.0
Enoch_All,4Q204_4QEn_c,502,21,0.0,0.2,0.0,0.4,0.2,0.0,0.0,10.0,4.7,0.0,0.0
Enoch_All,4Q204_4QEn_c,502,22,0.0,0.2222,0.2222,0.5556,0.1111,0.0,0.0,9.0,4.8889,0.0,0.0
Enoch_All,4Q204_4QEn_c,502,23,0.0,0.25,0.0,0.5,0.25,0.0,0.0,8.0,4.25,0.0,0.0
Enoch_All,4Q204_4QEn_c,502,24,0.0,0.0,0.0,0.4,0.2,0.0,0.0,5.0,4.0,0.0,0.0
Enoch_All,4Q204_4QEn_c,502,25,0.0,0.1111,0.3333,0.6667,0.2222,0.0,0.0,9.0,5.8889,0.0,0.0
Enoch_All,4Q204_4QEn_c,502,26,0.0,0.1818,0.3636,0.5455,0.6364,0.1818,0.0,11.0,5.5455,0.0,0.0
Enoch_All,4Q204_4QEn_c,502,27,0.0667,0.1333,0.2667,0.6667,0.5333,0.1333,0.3333,15.0,3.8,0.0,0.0
Enoch_All,4Q204_4QEn_c,502,28,0.0,0.3077,0.3846,0.6154,0.2308,0.0,0.0,13.0,4.0,0.0,0.0
Enoch_All,4Q204_4QEn_c,502,29,0.0,0.1,0.3,0.6,0.1,0.0,0.0,10.0,3.6,0.0,0.0
Enoch_All,4Q204_4QEn_c,502,30,0.0,0.4,0.3,0.6,0.0,0.0,0.0,10.0,3.7,0.0,0.0
Enoch_All,4Q205_4QEn_d,111,01,0.0,0.1818,0.2727,0.5455,0.0909,0.0,0.0,11.0,5.1818,0.0,0.0
Enoch_All,4Q205_4QEn_d,111,02,0.0,0.3,0.1,0.6,0.2,0.0,0.0,10.0,4.7,0.0,0.0
Enoch_All,4Q205_4QEn_d,111,03,0.0,0.1111,0.3333,0.5556,0.4444,0.2222,0.0,9.0,5.1111,0.0,0.0
Enoch_All,4Q205_4QEn_d,111,04,0.0,0.25,0.25,0.625,0.125,0.0,0.0,8.0,5.625,0.0,0.0
Enoch_All,4Q205_4QEn_d,111,05,0.0,0.3,0.1,0.6,0.2,0.0,0.0,10.0,4.5,0.0,0.0
Enoch_All,4Q205_4QEn_d,111,06,0.1429,0.1429,0.1429,0.5714,0.1429,0.0,0.5,7.0,5.1429,0.0,0.0
Enoch_All,4Q205_4QEn_d,112,01,0.0,0.0,0.25,0.25,0.0,0.0,0.0,8.0,4.75,0.0,0.0
Enoch_All,4Q205_4QEn_d,112,02,0.0,0.3333,0.1111,0.4444,0.0,0.0,0.0,9.0,5.0,0.0,0.0
Enoch_All,4Q205_4QEn_d,112,03,0.0,0.0,0.3333,0.3333,0.1667,0.0,0.0,6.0,6.3333,0.0,0.0
Enoch_All,4Q205_4QEn_d,112,04,0.0,0.0,0.0,0.5,0.0,0.0,0.0,2.0,2.5,0.0,0.0
Enoch_All,4Q205_4QEn_d,112,05,0.0,0.1429,0.4286,0.5714,0.0,0.0,0.0,7.0,4.7143,0.0,0.0
Enoch_All,4Q205_4QEn_d,112,06,0.0,0.1667,0.0,0.3333,0.0,0.0,0.0,6.0,4.8333,0.0,0.0
Enoch_All,4Q205_4QEn_d,112,07,0.0,0.2,0.6,0.2,0.0,0.0,0.0,5.0,5.8,0.0,0.0
Enoch_All,4Q205_4QEn_d,112,08,0.0,0.1667,0.3333,0.5,0.1667,0.0,0.0,6.0,4.3333,0.0,0.0
Enoch_All,4Q205_4QEn_d,112,09,0.0,0.2,0.2,0.4,0.2,0.0,0.0,5.0,5.8,0.0,0.0
Enoch_All,4Q205_4QEn_d,201,24,0.0,0.25,0.25,0.5,0.0,0.0,0.0,4.0,4.25,0.0,0.0
Enoch_All,4Q205_4QEn_d,201,25,0.0,0.25,0.0,0.5,0.0,0.0,0.0,4.0,4.5,0.0,0.0
Enoch_All,4Q205_4QEn_d,201,26,0.1667,0.1667,0.1667,0.5,0.0,0.0,0.5,6.0,4.5,0.0,0.0
Enoch_All,4Q205_4QEn_d,201,27,0.0,0.0,0.0,0.25,0.0,0.0,0.0,4.0,2.75,0.0,0.0
Enoch_All,4Q205_4QEn_d,201,28,0.0,0.4,0.4,0.6,0.0,0.0,0.0,5.0,5.0,0.0,0.0
Enoch_All,4Q205_4QEn_d,201,29,0.0,0.4,0.0,0.6,0.0,0.0,0.0,5.0,6.6,0.0,0.0
Enoch_All,4Q205_4QEn_d,202,02,0.0,0.0,0.0,0.4,1.8,1.0,0.0,5.0,4.0,0.0,0.0
Enoch_All,4Q205_4QEn_d,202,03,0.0,0.0,0.0,0.5,0.0,0.0,0.0,3.0,2.6667,0.0,0.0
Enoch_All,4Q205_4QEn_d,202,04,0.1111,0.1111,0.4444,0.4444,0.0,0.0,0.5,9.0,4.1111,0.0,0.0
Enoch_All,4Q205_4QEn_d,202,05,0.0,0.0,0.2,0.4,0.4,0.0,0.0,5.0,5.8,0.0,0.0
Enoch_All,4Q205_4QEn_d,203,27,0.0,0.3333,0.3333,0.5,0.0,0.0,0.0,3.0,6.0,0.0,0.0
Enoch_All,4Q205_4QEn_d,203,28,0.0,0.25,0.0,0.5,0.0,0.0,0.0,4.0,4.25,0.0,0.0
Enoch_All,4Q205_4QEn_d,203,29,0.2,0.2,0.0,0.4,0.0,0.0,0.5,5.0,3.0,0.0,0.0
Enoch_All,4Q205_4QEn_d,203,30,0.0,0.25,0.25,0.25,0.0,0.0,0.0,4.0,2.75,0.0,0.0
Enoch_All,4Q206_4QEn_e,120,00,0.0,0.0,0.0,0.2,0.2,0.0,0.0,5.0,3.6,0.0,0.0
Enoch_All,4Q206_4QEn_e,121,01,0.0,0.3333,0.0,0.5,0.0,0.0,0.0,3.0,4.3333,0.0,0.0
Enoch_All,4Q206_4QEn_e,121,02,0.0,0.0,0.0,0.5,0.0,0.0,0.0,3.0,3.6667,0.0,0.0
Enoch_All,4Q206_4QEn_e,121,03,0.0,0.5,0.25,0.5,0.0,0.0,0.0,4.0,4.0,0.0,0.0
Enoch_All,4Q206_4QEn_e,122,01,0.0,0.5,0.1,0.9,0.0,0.0,0.0,10.0,4.3,0.0,0.0
Enoch_All,4Q206_4QEn_e,122,02,0.0,0.3333,0.25,0.6667,0.25,0.0,0.0,12.0,3.4167,0.0,0.0
Enoch_All,4Q206_4QEn_e,122,03,0.0,0.2,0.1,0.7,0.5,0.2,0.0,10.0,3.1,0.0,0.2
Enoch_All,4Q206_4QEn_e,122,04,0.1,0.2,0.4,0.7,0.4,0.0,0.3333,10.0,4.1,0.0,0.0
Enoch_All,4Q206_4QEn_e,122,05,0.0,0.0,0.1429,0.2857,0.0,0.0,0.0,7.0,4.4286,0.0,0.0
Enoch_All,4Q206_4QEn_e,122,06,0.0,0.0,0.0,0.5,0.0,0.0,0.0,6.0,4.0,0.0,0.0
Enoch_All,4Q206_4QEn_e,122,07,0.0,0.0,0.0,0.2,0.2,0.0,0.0,5.0,3.2,0.0,0.0
Enoch_All,4Q206_4QEn_e,126,03,0.0,0.0,0.0,0.25,0.0,0.0,0.0,4.0,3.25,0.0,0.0
Enoch_All,4Q206_4QEn_e,126,04,0.0,0.2,0.2,0.4,0.2,0.0,0.0,5.0,4.0,0.0,0.0
Enoch_All,4Q206_4QEn_e,126,05,0.0,0.4,0.0,0.4,0.0,0.0,0.0,5.0,4.6,0.0,0.0
Enoch_All,4Q206_4QEn_e,126,06,0.0,0.0,0.0,0.25,0.25,0.0,0.0,4.0,4.75,0.0,0.0
Enoch_All,4Q206_4QEn_e,126,14,0.0,0.0,0.2,0.4,0.0,0.0,0.0,5.0,4.2,0.0,0.0
Enoch_All,4Q206_4QEn_e,126,15,0.0,0.25,0.25,0.25,0.0,0.0,0.0,4.0,4.75,0.0,0.0
Enoch_All,4Q206_4QEn_e,126,16,0.0,0.0,0.1429,0.5714,0.2857,0.0,0.0,7.0,4.1429,0.0,0.0
Enoch_All,4Q206_4QEn_e,126,17,0.0,0.25,0.0,0.75,0.375,0.25,0.0,8.0,5.0,0.0,0.0
Enoch_All,4Q206_4QEn_e,126,18,0.0,0.3,0.5,0.5,0.1,0.0,0.0,10.0,4.2,0.0,0.0
Enoch_All,4Q206_4QEn_e,126,19,0.0,0.5,0.2,0.8,0.2,0.0,0.0,10.0,4.2,0.5,0.0
Enoch_All,4Q206_4QEn_e,126,20,0.0,0.1,0.4,0.6,0.2,0.0,0.0,10.0,4.1,0.0,0.0
Enoch_All,4Q206_4QEn_e,126,21,0.0,0.3333,0.3333,0.7778,0.2222,0.0,0.0,9.0,4.0,0.0,0.5
Enoch_All,4Q206_4QEn_e,127,01,0.0,0.0,0.5,0.5,0.75,0.5,0.0,4.0,3.5,0.0,0.0
Enoch_All,4Q206_4QEn_e,127,02,0.0,0.3333,0.0,0.5,0.0,0.0,0.0,3.0,3.3333,0.0,0.0
Enoch_All,4Q206_4QEn_e,127,10,0.0,0.2,0.4,0.4,0.6,0.0,0.0,5.0,4.2,0.0,0.0
Enoch_All,4Q206_4QEn_e,127,11,0.0,0.0,0.0,0.25,0.0,0.0,0.0,4.0,4.25,0.0,0.0
Enoch_All,4Q206_4QEn_e,127,19,0.0,0.0,0.25,0.5,0.75,0.5,0.0,4.0,5.0,0.0,0.0
Enoch_All,4Q206_4QEn_e,127,20,0.0,0.25,0.25,0.5,0.25,0.0,0.0,4.0,7.5,0.0,0.0
Enoch_All,4Q206_4QEn_e,127,21,0.0,0.2,0.2,0.6,0.6,0.4,0.0,5.0,5.4,0.0,0.0
Enoch_All,4Q206_4QEn_e,227,15,0.0,0.25,0.25,0.25,0.0,0.0,0.0,4.0,10.5,0.0,0.0
Enoch_All,4Q206_4QEn_e,227,16,0.0,0.1667,0.0,0.3333,0.5,0.3333,0.0,6.0,6.8333,0.0,0.0
Enoch_All,4Q206_4QEn_e,227,17,0.0,0.1667,0.0,0.5,0.0,0.0,0.0,6.0,6.8333,0.0,0.0
Enoch_All,4Q206_4QEn_e,227,18,0.0,0.0,0.0,0.0,0.0,0.0,0.0,4.0,2.5,0.0,0.0
Enoch_All,4Q206_4QEn_e,227,19,0.0,0.4167,0.0833,0.5,0.0,0.0,0.0,12.0,3.75,0.0,0.0
Enoch_All,4Q206_4QEn_e,227,20,0.0,0.0909,0.1818,0.4545,0.1818,0.0,0.0,11.0,3.1818,0.0,0.0
Enoch_All,4Q206_4QEn_e,227,21,0.0,0.1,0.1,0.4,0.3,0.0,0.0,10.0,4.0,0.0,0.0
Enoch_All,4Q206_4QEn_e,227,22,0.0,0.0,0.0,0.5,0.0,0.0,0.0,2.0,1.0,0.0,0.0
Enoch_All,4Q206_4QEn_e,401,11,0.0,0.25,0.0,0.5,0.0,0.0,0.0,4.0,5.0,0.0,0.0
Enoch_All,4Q206_4QEn_e,401,12,0.0,0.5,0.3333,0.5,0.1667,0.0,0.0,6.0,4.6667,0.0,0.0
Enoch_All,4Q206_4QEn_e,401,13,0.0,0.125,0.25,0.75,0.125,0.0,0.0,8.0,3.375,0.0,0.0
Enoch_All,4Q206_4QEn_e,401,14,0.0,0.125,0.375,0.5,0.375,0.0,0.0,8.0,3.5,0.0,0.0
Enoch_All,4Q206_4QEn_e,401,15,0.0,0.2857,0.4286,0.5714,0.2857,0.0,0.0,7.0,4.1429,0.0,0.0
Enoch_All,4Q206_4QEn_e,401,16,0.0,0.1429,0.1429,0.7143,0.5714,0.2857,0.0,7.0,4.0,0.0,0.0
Enoch_All,4Q206_4QEn_e,401,17,0.0,0.25,0.375,0.625,0.25,0.0,0.0,8.0,4.0,0.0,0.0
Enoch_All,4Q206_4QEn_e,401,18,0.0,0.1111,0.2222,0.7778,0.5556,0.2222,0.5,9.0,3.4444,0.0,0.0
Enoch_All,4Q206_4QEn_e,401,19,0.0,0.1429,0.4286,0.5714,1.0,0.5714,0.0,7.0,4.7143,0.0,0.0
Enoch_All,4Q206_4QEn_e,401,20,0.0,0.3333,0.3333,0.6667,0.1111,0.0,0.25,9.0,3.4444,0.0,0.0
Enoch_All,4Q206_4QEn_e,401,21,0.0,0.5,0.5,0.25,0.0,0.0,0.0,4.0,4.75,0.0,0.0
Enoch_All,4Q206_4QEn_e,402,01,0.0,0.3333,0.3333,0.5,0.0,0.0,0.0,6.0,4.1667,0.0,0.0
Enoch_All,4Q206_4QEn_e,402,02,0.0,0.2,0.0,0.4,0.4,0.0,0.0,5.0,4.6,0.5,0.0
Enoch_All,4Q206_4QEn_e,402,03,0.0,0.0,0.5,0.6667,0.3333,0.0,0.0,6.0,4.3333,0.0,0.0
Enoch_All,4Q206_4QEn_e,402,04,0.0,0.2,0.2,0.6,0.2,0.0,0.0,5.0,3.8,0.0,0.0
Enoch_All,4Q206_4QEn_e,402,05,0.0,0.0,0.3333,0.5,0.0,0.0,0.0,3.0,4.0,0.0,0.0
Enoch_All,4Q206_4QEn_e,402,10,0.0,0.3333,0.0,0.5,0.3333,0.0,0.0,3.0,8.0,0.0,0.0
Enoch_All,4Q206_4QEn_e,402,11,0.0,0.0,0.0,0.5,0.0,0.0,0.0,3.0,3.0,0.0,0.0
Enoch_All,4Q206_4QEn_e,402,12,0.0,0.3333,0.3333,0.5,0.0,0.0,0.0,3.0,3.3333,0.0,0.0
Enoch_All,4Q206_4QEn_e,402,13,0.25,0.0,0.0,0.25,0.0,0.0,1.0,4.0,2.5,0.0,0.0
Enoch_All,4Q206_4QEn_e,402,14,0.0,0.25,0.0,0.5,0.0,0.0,0.0,4.0,5.5,0.0,0.0
Enoch_All,4Q206_4QEn_e,402,15,0.0,0.25,0.25,0.5,0.25,0.0,0.0,4.0,4.25,0.0,0.0
Enoch_All,4Q206_4QEn_e,402,16,0.0,0.2,0.2,0.6,0.2,0.0,0.0,5.0,4.0,0.0,0.0
Enoch_All,4Q206_4QEn_e,402,17,0.0,0.2,0.4,0.6,0.0,0.0,0.0,5.0,4.4,0.0,0.0
Enoch_All,4Q206_4QEn_e,402,18,0.2,0.0,0.0,0.6,0.4,0.0,1.0,5.0,4.2,0.0,0.0
Enoch_All,4Q206_4QEn_e,402,19,0.0,0.0,0.1667,0.5,0.1667,0.0,1.0,6.0,3.6667,0.0,0.0
Enoch_All,4Q206_4QEn_e,402,20,0.0,0.2,0.0,0.4,0.2,0.0,0.0,5.0,3.6,0.0,0.0
Enoch_All,4Q206_4QEn_e,402,21,0.0,0.1667,0.1667,0.5,0.1667,0.0,0.0,6.0,3.8333,0.0,0.0
Enoch_All,4Q206_4QEn_e,403,13,0.0,0.0,0.0,0.25,0.0,0.0,1.0,4.0,4.25,0.0,0.0
Enoch_All,4Q206_4QEn_e,403,14,0.1667,0.1667,0.0,0.5,0.1667,0.0,0.5,6.0,4.1667,0.0,0.0
Enoch_All,4Q206_4QEn_e,403,15,0.1429,0.0,0.4286,0.4286,0.1429,0.0,1.0,7.0,4.2857,0.0,0.0
Enoch_All,4Q206_4QEn_e,403,16,0.0,0.3333,0.0,0.3333,0.0,0.0,0.0,6.0,4.1667,0.0,0.0
Enoch_All,4Q206_4QEn_e,403,17,0.0,0.2,0.2,0.4,0.2,0.0,0.0,5.0,5.6,0.0,0.0
Enoch_All,4Q206_4QEn_e,403,18,0.0,0.0,0.125,0.375,0.25,0.0,1.0,8.0,4.375,0.0,0.0
Enoch_All,4Q206_4QEn_e,403,19,0.0,0.375,0.125,0.75,0.125,0.0,0.0,8.0,3.625,0.0,0.0
Enoch_All,4Q206_4QEn_e,403,20,0.0,0.1667,0.3333,0.5,0.8333,0.6667,0.0,6.0,4.1667,0.0,0.0
Enoch_All,4Q206_4QEn_e,403,21,0.2,0.2,0.2,0.4,0.0,0.0,0.5,5.0,4.2,0.0,0.0
Enoch_All,4Q207_4QEn_f,001,01,0.0,0.125,0.0,0.375,0.0,0.0,0.0,8.0,4.625,0.0,0.0
Enoch_All,4Q207_4QEn_f,001,02,0.0,0.0,0.2857,0.5714,0.4286,0.2857,0.0,7.0,4.4286,0.0,0.0
Enoch_All,4Q207_4QEn_f,001,03,0.0,0.4,0.4,0.2,0.0,0.0,0.0,5.0,6.8,0.0,0.0
Enoch_All,4Q207_4QEn_f,001,04,0.0,0.1667,0.1667,0.5,0.0,0.0,0.0,6.0,4.8333,0.0,0.0
Enoch_All,4Q207_4QEn_f,001,05,0.0,0.2,0.2,0.4,0.0,0.0,0.0,5.0,5.0,0.0,0.0
Enoch_All,4Q212_4QEn_g,102,13,0.0,0.0,0.3333,0.5,0.0,0.0,0.0,3.0,5.0,0.0,0.0
Enoch_All,4Q212_4QEn_g,102,14,0.0,0.0,0.25,0.5,2.0,1.0,0.0,4.0,4.5,0.0,0.0
Enoch_All,4Q212_4QEn_g,102,15,0.0,0.25,0.25,0.5,0.0,0.0,0.0,4.0,3.75,0.0,0.0
Enoch_All,4Q212_4QEn_g,102,16,0.0,0.25,0.25,0.5,0.25,0.0,0.0,4.0,3.5,0.0,0.0
Enoch_All,4Q212_4QEn_g,102,17,0.0,0.6,0.0,0.6,0.0,0.0,0.0,5.0,3.0,0.0,0.0
Enoch_All,4Q212_4QEn_g,102,18,0.0,0.5,0.0,0.5,0.0,0.0,0.0,4.0,3.75,0.0,0.0
Enoch_All,4Q212_4QEn_g,102,19,0.0,0.0,0.0,0.5,0.8333,0.0,0.0,6.0,3.8333,0.0,0.0
Enoch_All,4Q212_4QEn_g,102,20,0.0,0.2,0.2,0.6,0.6,0.0,0.0,5.0,4.0,0.0,0.0
Enoch_All,4Q212_4QEn_g,102,21,0.0,0.2857,0.1429,0.5714,0.2857,0.0,0.0,7.0,3.7143,0.0,0.0
Enoch_All,4Q212_4QEn_g,102,22,0.0,0.0,0.1667,0.3333,0.3333,0.0,0.0,6.0,4.0,0.0,0.0
Enoch_All,4Q212_4QEn_g,102,23,0.0,0.3333,0.3333,0.5,0.0,0.0,0.0,6.0,5.3333,0.0,0.0
Enoch_All,4Q212_4QEn_g,102,24,0.0,0.5714,0.1429,0.7143,0.0,0.0,0.0,7.0,4.8571,0.0,0.0
Enoch_All,4Q212_4QEn_g,102,25,0.0,0.1429,0.1429,0.5714,0.1429,0.0,0.0,7.0,4.2857,0.0,0.0
Enoch_All,4Q212_4QEn_g,102,26,0.0,0.0,0.0,0.25,0.25,0.0,0.0,4.0,4.0,0.0,0.0
Enoch_All,4Q212_4QEn_g,103,16,0.0,0.0,0.3333,0.5,0.0,0.0,0.0,3.0,4.3333,0.0,0.0
Enoch_All,4Q212_4QEn_g,103,17,0.0,0.25,0.25,0.5,0.0,0.0,0.0,4.0,3.25,0.0,0.0
Enoch_All,4Q212_4QEn_g,103,18,0.0,0.2,0.0,0.4,0.0,0.0,0.0,5.0,3.6,0.0,0.0
Enoch_All,4Q212_4QEn_g,103,19,0.0,0.2,0.2,0.6,0.2,0.0,0.0,5.0,3.4,0.0,0.0
Enoch_All,4Q212_4QEn_g,103,20,0.0,0.1667,0.0,0.6667,0.0,0.0,0.0,6.0,3.5,0.0,0.0
Enoch_All,4Q212_4QEn_g,103,21,0.0,0.1429,0.1429,0.5714,0.4286,0.2857,0.0,7.0,5.2857,0.0,0.0
Enoch_All,4Q212_4QEn_g,103,22,0.0,0.2222,0.2222,0.5556,1.0,0.4444,0.0,9.0,4.3333,0.0,0.0
Enoch_All,4Q212_4QEn_g,103,23,0.0,0.1,0.1,0.6,0.3,0.0,0.0,10.0,4.4,0.0,0.0
Enoch_All,4Q212_4QEn_g,103,24,0.0,0.1429,0.5714,0.7143,0.0,0.0,0.0,7.0,3.2857,0.0,0.0
Enoch_All,4Q212_4QEn_g,103,25,0.0,0.25,0.25,0.625,0.125,0.0,0.0,8.0,3.375,0.0,0.0
Enoch_All,4Q212_4QEn_g,104,11,0.0,0.25,0.25,0.5,0.0,0.0,0.0,4.0,5.75,0.0,0.0
Enoch_All,4Q212_4QEn_g,104,12,0.0,0.375,0.125,0.75,0.125,0.0,0.0,8.0,5.125,0.0,0.0
Enoch_All,4Q212_4QEn_g,104,13,0.0,0.4,0.1,0.6,0.1,0.0,0.0,10.0,4.5,0.0,0.0
Enoch_All,4Q212_4QEn_g,104,14,0.0,0.4,0.3,0.7,0.3,0.0,0.0,10.0,3.7,0.0,0.3333
Enoch_All,4Q212_4QEn_g,104,15,0.0,0.2222,0.3333,0.7778,0.6667,0.4444,0.0,9.0,4.3333,0.0,0.0
Enoch_All,4Q212_4QEn_g,104,16,0.0,0.4444,0.1111,0.7778,0.2222,0.0,0.0,9.0,3.6667,0.0,0.0
Enoch_All,4Q212_4QEn_g,104,17,0.0,0.375,0.625,0.625,0.25,0.0,0.25,8.0,4.5,0.0,0.0
Enoch_All,4Q212_4QEn_g,104,18,0.0,0.7,0.2,0.9,0.1,0.0,0.0,10.0,4.9,0.0,0.0
Enoch_All,4Q212_4QEn_g,104,19,0.0,0.5,0.5,0.625,0.125,0.0,0.0,8.0,5.125,0.0,0.0
Enoch_All,4Q212_4QEn_g,104,20,0.0,0.6,0.2,0.6,0.2,0.0,0.0,10.0,3.6,0.0,0.0
Enoch_All,4Q212_4QEn_g,104,21,0.0,0.4286,0.1429,0.5714,0.1429,0.0,0.0,7.0,4.2857,0.0,0.0
Enoch_All,4Q212_4QEn_g,104,22,0.0,0.5,0.3333,0.6667,0.0,0.0,0.0,6.0,3.8333,0.0,0.0
Enoch_All,4Q212_4QEn_g,104,23,0.125,0.5,0.25,0.5,0.0,0.0,0.2,8.0,3.625,0.0,0.0
Enoch_All,4Q212_4QEn_g,104,24,0.1429,0.2143,0.1429,0.7143,0.2143,0.0,0.4,14.0,4.7857,0.0,0.0
Enoch_All,4Q212_4QEn_g,104,26,0.0,0.4444,0.1111,0.6667,0.3333,0.0,0.0,9.0,4.6667,0.0,0.0
Enoch_All,4Q212_4QEn_g,105,15,0.0,0.1429,0.1429,0.5714,0.5714,0.0,0.0,7.0,4.1429,0.0,0.0
Enoch_All,4Q212_4QEn_g,105,16,0.0,0.2857,0.0,0.5714,0.2857,0.0,0.0,7.0,3.8571,0.0,0.0
Enoch_All,4Q212_4QEn_g,105,17,0.0,0.25,0.125,0.625,0.0,0.0,0.0,8.0,3.125,0.0,0.0
Enoch_All,4Q212_4QEn_g,105,18,0.0,0.1429,0.1429,0.5714,0.1429,0.0,0.0,7.0,5.0,0.0,0.0
Enoch_All,4Q212_4QEn_g,105,19,0.0,0.0,0.0,0.5,1.0,0.25,0.0,4.0,4.0,0.0,0.0
Enoch_All,4Q212_4QEn_g,105,20,0.0,0.1111,0.1111,0.5556,0.1111,0.0,0.0,9.0,3.0,0.0,0.0
Enoch_All,4Q212_4QEn_g,105,21,0.0,0.375,0.25,0.625,0.0,0.0,0.0,8.0,3.75,0.0,0.0
Enoch_All,4Q212_4QEn_g,105,22,0.0,0.3333,0.2222,0.5556,0.1111,0.0,0.0,9.0,3.3333,0.0,0.0
Enoch_All,4Q212_4QEn_g,105,23,0.0,0.1429,0.1429,0.7143,0.1429,0.0,0.0,7.0,4.1429,0.0,0.0
Enoch_All,4Q212_4QEn_g,105,24,0.0,0.1429,0.1429,0.5714,0.1429,0.0,0.0,7.0,3.5714,0.0,0.0
Enoch_All,4Q212_4QEn_g,105,25,0.0,0.5,0.0,0.5,0.0,0.0,0.0,4.0,3.75,0.0,0.0
Enoch_All,4Q212_4QEn_g,105,26,0.0,0.3333,0.0,0.5,0.0,0.0,0.0,3.0,3.3333,0.0,0.0
