scroll_name,column,line,emphatic_ratio,absolute_ratio,function_words_ratio,lexical_diversity,verb_ratio,passive_voice_ratio,plural_ratio,line_length,avg_word_len,v_then_noun_ratio,v_then_prep_ratio,prediction_score,result
11QtgJob_Job_Scroll,1,1,0.0,0.0,0.0,0.25,0.0,0.0,0.0,4.0,5.5,0.0,0.0,0.6569637,Yerushalmi
11QtgJob_Job_Scroll,1,2,0.0,0.0,0.0,0.5,0.0,0.0,0.0,3.0,6.0,0.0,0.0,0.574993,Yerushalmi
11QtgJob_Job_Scroll,1,3,0.0,0.0,0.0,0.5,0.0,0.0,0.0,2.0,5.5,0.0,0.0,0.6026482,Yerushalmi
11QtgJob_Job_Scroll,1,4,0.0,0.0,0.0,0.0,0.0,0.0,0.0,5.0,4.2,0.0,0.0,0.91312647,Yerushalmi
11QtgJob_Job_Scroll,1,5,0.0,0.0,0.0,0.0,0.0,0.0,0.0,5.0,5.8,0.0,0.0,0.7622814,Yerushalmi
11QtgJob_Job_Scroll,1,6,0.0,0.0,0.0,0.0,0.0,0.0,0.0,4.0,5.25,0.0,0.0,0.84723234,Yerushalmi
11QtgJob_Job_Scroll,1,7,0.0,0.0,0.0,0.5,0.0,0.0,0.0,3.0,6.3333,0.0,0.0,0.562622,Yerushalmi
11QtgJob_Job_Scroll,1,8,0.0,0.0,0.0,0.0,0.0,0.0,0.0,4.0,3.75,0.0,0.0,0.90356946,Yerushalmi
11QtgJob_Job_Scroll,2,1,0.0,0.0,0.0,0.25,1.0,1.0,0.0,4.0,5.5,0.0,0.0,0.38619342,Bavli
11QtgJob_Job_Scroll,2,2,0.0,0.0,0.0,0.25,0.0,0.0,0.0,4.0,8.0,0.0,0.0,0.41841823,Bavli
11QtgJob_Job_Scroll,2,3,0.0,0.0,0.0,0.5,0.6667,0.0,0.0,3.0,6.3333,0.0,0.0,0.51826847,Yerushalmi
11QtgJob_Job_Scroll,2,4,0.0,0.0,0.0,0.0,0.0,0.0,0.0,4.0,4.5,0.0,0.0,0.8952546,Yerushalmi
11QtgJob_Job_Scroll,2,5,0.0,0.0,0.0,0.25,0.0,0.0,0.0,4.0,4.0,0.0,0.0,0.78099436,Yerushalmi
11QtgJob_Job_Scroll,2,6,0.0,0.0,0.0,0.0,0.5,0.0,0.0,4.0,4.5,0.0,0.0,0.9648546,Yerushalmi
11QtgJob_Job_Scroll,2,7,0.0,0.0,0.0,0.5,0.0,0.0,0.0,3.0,6.6667,0.0,0.0,0.55225354,Yerushalmi
11QtgJob_Job_Scroll,2,8,0.0,0.0,0.0,0.0,0.0,0.0,0.0,4.0,3.25,0.0,0.0,0.89250857,Yerushalmi
11QtgJob_Job_Scroll,3,1,0.0,0.0,0.0,0.5,0.0,0.0,0.0,2.0,5.0,0.0,0.0,0.62319374,Yerushalmi
11QtgJob_Job_Scroll,3,2,0.0,0.0,0.0,0.5,0.0,0.0,0.0,1.0,4.0,0.0,0.0,0.5787857,Yerushalmi
11QtgJob_Job_Scroll,3,3,0.0,0.0,0.0,0.1667,0.3333,0.1667,0.0,6.0,5.8333,0.0,0.0,0.46928388,Bavli
11QtgJob_Job_Scroll,3,4,0.0,0.0,0.0,0.4,0.0,0.0,0.0,5.0,4.4,0.0,0.0,0.7285838,Yerushalmi
11QtgJob_Job_Scroll,3,5,0.0,0.0,0.0,0.0,0.2857,0.0,0.0,7.0,3.5714,0.0,0.0,0.96813637,Yerushalmi
11QtgJob_Job_Scroll,3,6,0.0,0.0,0.0,0.0,0.0,0.0,0.0,5.0,4.8,0.0,0.0,0.8918108,Yerushalmi
11QtgJob_Job_Scroll,3,7,0.0,0.0,0.0,0.5,0.0,0.0,0.0,3.0,4.3333,0.0,0.0,0.6418783,Yerushalmi
11QtgJob_Job_Scroll,3,8,0.0,0.0,0.0,0.25,0.0,0.0,0.0,4.0,5.0,0.0,0.0,0.73731494,Yerushalmi
11QtgJob_Job_Scroll,4,1,0.0,0.0,0.0,0.5,0.0,0.0,0.0,3.0,6.0,0.0,0.0,0.574993,Yerushalmi
11QtgJob_Job_Scroll,4,2,0.0,0.0,0.0,0.5,0.0,0.0,0.0,3.0,6.0,0.0,0.0,0.574993,Yerushalmi
11QtgJob_Job_Scroll,4,3,0.0,0.0,0.0,0.0,0.0,0.0,0.0,5.0,3.0,0.0,0.0,0.89663553,Yerushalmi
11QtgJob_Job_Scroll,4,4,0.0,0.0,0.0,0.0,0.0,0.0,0.0,4.0,4.0,0.0,0.0,0.9041628,Yerushalmi
11QtgJob_Job_Scroll,4,5,0.0,0.0,0.0,0.25,0.0,0.0,0.0,4.0,4.0,0.0,0.0,0.78099436,Yerushalmi
11QtgJob_Job_Scroll,4,6,0.0,0.0,0.0,0.25,0.0,0.0,0.0,4.0,5.75,0.0,0.0,0.6109241,Yerushalmi
11QtgJob_Job_Scroll,4,7,0.0,0.0,0.0,0.5,0.0,0.0,0.0,3.0,6.3333,0.0,0.0,0.562622,Yerushalmi
11QtgJob_Job_Scroll,4,8,0.0,0.0,0.0,0.5,0.0,0.0,0.0,3.0,5.0,0.0,0.0,0.62922645,Yerushalmi
11QtgJob_Job_Scroll,4,9,0.0,0.0,0.0,0.5,0.0,0.0,0.0,3.0,7.0,0.0,0.0,0.54305905,Yerushalmi
11QtgJob_Job_Scroll,5,1,0.0,0.0,0.0,0.2,0.0,0.0,0.0,5.0,5.2,0.0,0.0,0.7471359,Yerushalmi
11QtgJob_Job_Scroll,5,2,0.0,0.0,0.0,0.2,0.0,0.0,0.0,5.0,5.0,0.0,0.0,0.7778003,Yerushalmi
11QtgJob_Job_Scroll,5,3,0.0,0.0,0.0,0.3333,0.0,0.0,0.0,6.0,6.1667,0.0,0.0,0.5314766,Yerushalmi
11QtgJob_Job_Scroll,5,4,0.0,0.0,0.0,0.4,0.0,0.0,0.0,5.0,5.0,0.0,0.0,0.6775761,Yerushalmi
11QtgJob_Job_Scroll,5,5,0.0,0.0,0.0,0.1667,0.1667,0.0,0.0,6.0,4.6667,0.0,0.0,0.8771069,Yerushalmi
11QtgJob_Job_Scroll,5,6,0.0,0.0,0.0,0.0,0.0,0.0,0.0,5.0,4.0,0.0,0.0,0.91552454,Yerushalmi
11QtgJob_Job_Scroll,5,7,0.0,0.0,0.0,0.0,0.4,0.0,0.0,5.0,4.6,0.0,0.0,0.9581887,Yerushalmi
11QtgJob_Job_Scroll,5,8,0.0,0.0,0.0,0.5,0.0,0.0,0.0,3.0,6.0,0.0,0.0,0.574993,Yerushalmi
11QtgJob_Job_Scroll,6,1,0.0,0.0,0.0,0.5,0.0,0.0,0.0,2.0,5.0,0.0,0.0,0.62319374,Yerushalmi
11QtgJob_Job_Scroll,6,2,0.0,0.0,0.0,0.5,0.0,0.0,0.0,2.0,5.0,0.0,0.0,0.62319374,Yerushalmi
11QtgJob_Job_Scroll,6,3,0.0,0.0,0.0,0.5,0.0,0.0,0.0,3.0,3.6667,0.0,0.0,0.5838419,Yerushalmi
11QtgJob_Job_Scroll,6,4,0.0,0.0,0.0,0.5,0.0,0.0,0.0,3.0,3.6667,0.0,0.0,0.5838419,Yerushalmi
11QtgJob_Job_Scroll,6,5,0.0,0.0,0.0,0.5,0.0,0.0,0.0,3.0,4.6667,0.0,0.0,0.6426978,Yerushalmi
11QtgJob_Job_Scroll,6,6,0.0,0.0,0.0,0.5,0.0,0.0,0.0,3.0,4.0,0.0,0.0,0.622399,Yerushalmi
11QtgJob_Job_Scroll,6,7,0.0,0.0,0.0,0.5,0.0,0.0,0.0,3.0,4.6667,0.0,0.0,0.6426978,Yerushalmi
11QtgJob_Job_Scroll,6,8,0.0,0.0,0.0,0.5,0.0,0.0,0.0,2.0,5.5,0.0,0.0,0.6026482,Yerushalmi
11QtgJob_Job_Scroll,6,9,0.0,0.0,0.0,0.5,0.0,0.0,0.0,2.0,6.0,0.0,0.0,0.58735096,Yerushalmi
11QtgJob_Job_Scroll,7,1,0.0,0.0,0.0,0.5,0.3333,0.0,0.0,3.0,3.3333,0.0,0.0,0.61081207,Yerushalmi
11QtgJob_Job_Scroll,7,2,0.0,0.0,0.0,0.5,0.0,0.0,0.0,3.0,4.0,0.0,0.0,0.622399,Yerushalmi
11QtgJob_Job_Scroll,7,3,0.0,0.0,0.0,0.5,0.0,0.0,0.0,3.0,3.6667,0.0,0.0,0.5838419,Yerushalmi
11QtgJob_Job_Scroll,7,4,0.0,0.0,0.0,0.5,0.0,0.0,0.0,3.0,5.0,0.0,0.0,0.62922645,Yerushalmi
11QtgJob_Job_Scroll,7,5,0.0,0.0,0.0,0.5,0.0,0.0,0.0,3.0,4.3333,0.0,0.0,0.6418783,Yerushalmi
11QtgJob_Job_Scroll,7,6,0.0,0.0,0.0,0.5,0.0,0.0,0.0,3.0,3.0,0.0,0.0,0.46639422,Bavli
11QtgJob_Job_Scroll,7,7,0.0,0.0,0.0,0.5,0.0,0.0,0.0,2.0,5.0,0.0,0.0,0.62319374,Yerushalmi
11QtgJob_Job_Scroll,7,8,0.0,0.0,0.0,0.5,0.0,0.0,0.0,2.0,4.0,0.0,0.0,0.59869605,Yerushalmi
11QtgJob_Job_Scroll,7,9,0.0,0.0,0.0,0.5,0.0,0.0,0.0,1.0,4.0,0.0,0.0,0.5787857,Yerushalmi
11QtgJob_Job_Scroll,8,1,0.0,0.0,0.0,0.5,0.0,0.0,0.0,3.0,4.6667,0.0,0.0,0.6426978,Yerushalmi
11QtgJob_Job_Scroll,8,2,0.0,0.0,0.0,0.5,0.0,0.0,0.0,3.0,4.3333,0.0,0.0,0.6418783,Yerushalmi
11QtgJob_Job_Scroll,8,3,0.0,0.0,0.0,0.5,0.0,0.0,0.0,3.0,5.0,0.0,0.0,0.62922645,Yerushalmi
11QtgJob_Job_Scroll,8,4,0.0,0.0,0.0,0.5,0.0,0.0,0.0,3.0,5.0,0.0,0.0,0.62922645,Yerushalmi
11QtgJob_Job_Scroll,8,5,0.0,0.0,0.0,0.5,0.0,0.0,0.0,3.0,5.6667,0.0,0.0,0.5904616,Yerushalmi
11QtgJob_Job_Scroll,8,6,0.0,0.0,0.0,0.5,0.0,0.0,0.0,3.0,4.3333,0.0,0.0,0.6418783,Yerushalmi
11QtgJob_Job_Scroll,8,7,0.0,0.0,0.0,0.5,0.0,0.0,0.0,3.0,4.6667,0.0,0.0,0.6426978,Yerushalmi
11QtgJob_Job_Scroll,8,8,0.0,0.0,0.0,0.5,0.0,0.0,0.0,2.0,9.0,0.0,0.0,0.5387256,Yerushalmi
11QtgJob_Job_Scroll,8,9,0.0,0.0,0.0,0.5,0.0,0.0,0.0,2.0,4.5,0.0,0.0,0.6286017,Yerushalmi
11QtgJob_Job_Scroll,9,1,0.0,0.0,0.0,0.3333,0.0,0.0,0.0,6.0,6.0,0.0,0.0,0.55453616,Yerushalmi
11QtgJob_Job_Scroll,9,2,0.0,0.0,0.0,0.0,0.3333,0.1667,0.0,6.0,4.8333,0.0,0.0,0.76843154,Yerushalmi
11QtgJob_Job_Scroll,9,3,0.0,0.0,0.0,0.5,0.0,0.0,0.0,3.0,4.0,0.0,0.0,0.622399,Yerushalmi
11QtgJob_Job_Scroll,9,4,0.0,0.0,0.0,0.1429,0.1429,0.0,0.0,7.0,4.0,0.0,0.0,0.9197017,Yerushalmi
11QtgJob_Job_Scroll,9,5,0.0,0.0,0.0,0.4,0.0,0.0,0.0,5.0,6.0,0.0,0.0,0.5504955,Yerushalmi
11QtgJob_Job_Scroll,9,6,0.0,0.0,0.0,0.0,0.5714,0.5714,0.0,7.0,3.1429,0.0,0.0,0.14324601,Bavli
11QtgJob_Job_Scroll,9,7,0.0,0.0,0.0,0.2,0.0,0.0,0.0,5.0,4.4,0.0,0.0,0.8271156,Yerushalmi
11QtgJob_Job_Scroll,9,8,0.0,0.0,0.0,0.2,0.0,0.0,0.0,5.0,4.4,0.0,0.0,0.8271156,Yerushalmi
11QtgJob_Job_Scroll,9,9,0.0,0.0,0.0,0.25,0.0,0.0,0.0,4.0,5.75,0.0,0.0,0.6109241,Yerushalmi
11QtgJob_Job_Scroll,9,10,0.0,0.0,0.0,0.5,0.0,0.0,0.0,3.0,5.6667,0.0,0.0,0.5904616,Yerushalmi
11QtgJob_Job_Scroll,10,1,0.0,0.0,0.0,0.5,0.0,0.0,0.0,4.0,9.0,0.0,0.0,0.45682073,Bavli
11QtgJob_Job_Scroll,10,2,0.0,0.0,0.0,0.25,0.5,0.25,0.0,4.0,4.75,0.0,0.0,0.43719357,Bavli
11QtgJob_Job_Scroll,10,3,0.0,0.0,0.0,0.25,0.0,0.0,0.0,4.0,4.75,0.0,0.0,0.76294535,Yerushalmi
11QtgJob_Job_Scroll,10,4,0.0,0.0,0.0,0.0,0.0,0.0,0.0,6.0,4.1667,0.0,0.0,0.9248301,Yerushalmi
11QtgJob_Job_Scroll,10,5,0.0,0.0,0.0,0.0,0.0,0.0,0.0,7.0,3.8571,0.0,0.0,0.93934643,Yerushalmi
11QtgJob_Job_Scroll,10,6,0.0,0.0,0.0,0.5,0.0,0.0,0.0,2.0,5.0,0.0,0.0,0.62319374,Yerushalmi
11QtgJob_Job_Scroll,10,8,0.0,0.0,0.0,0.2,0.0,0.0,0.0,5.0,4.0,0.0,0.0,0.8318765,Yerushalmi
11QtgJob_Job_Scroll,10,9,0.0,0.0,0.0,0.0,0.0,0.0,0.0,5.0,4.8,0.0,0.0,0.8918108,Yerushalmi
11QtgJob_Job_Scroll,10,10,0.0,0.0,0.0,0.2,0.0,0.0,0.0,5.0,4.8,0.0,0.0,0.8009208,Yerushalmi
11QtgJob_Job_Scroll,11,1,0.0,0.0,0.0,0.5,0.0,0.0,0.0,4.0,4.25,0.0,0.0,0.6630658,Yerushalmi
11QtgJob_Job_Scroll,11,2,0.0,0.0,0.0,0.0,0.5,0.5,0.0,4.0,5.0,0.0,0.0,0.37537882,Bavli
11QtgJob_Job_Scroll,11,3,0.0,0.0,0.0,0.5,0.0,0.0,0.0,3.0,5.0,0.0,0.0,0.62922645,Yerushalmi
11QtgJob_Job_Scroll,11,4,0.0,0.0,0.0,0.0,0.0,0.0,0.0,5.0,4.2,0.0,0.0,0.91312647,Yerushalmi
11QtgJob_Job_Scroll,11,5,0.0,0.0,0.0,0.2,0.0,0.0,0.0,5.0,4.4,0.0,0.0,0.8271156,Yerushalmi
11QtgJob_Job_Scroll,11,6,0.0,0.0,0.0,0.5,0.0,0.0,0.0,3.0,4.6667,0.0,0.0,0.6426978,Yerushalmi
11QtgJob_Job_Scroll,11,7,0.0,0.0,0.0,0.25,0.0,0.0,0.0,4.0,5.0,0.0,0.0,0.73731494,Yerushalmi
11QtgJob_Job_Scroll,11,8,0.0,0.0,0.0,0.25,0.0,0.0,0.0,4.0,8.25,0.0,0.0,0.41148084,Bavli
11QtgJob_Job_Scroll,11,9,0.0,0.0,0.0,0.5,0.0,0.0,0.0,3.0,5.0,0.0,0.0,0.62922645,Yerushalmi
11QtgJob_Job_Scroll,11,10,0.0,0.0,0.0,0.25,0.0,0.0,0.0,4.0,4.25,0.0,0.0,0.78379905,Yerushalmi
11QtgJob_Job_Scroll,11,11,0.0,0.0,0.0,0.25,0.0,0.0,0.0,4.0,5.25,0.0,0.0,0.7010521,Yerushalmi
11QtgJob_Job_Scroll,12,1,0.0,0.0,0.0,0.5,0.0,0.0,0.0,2.0,4.0,0.0,0.0,0.59869605,Yerushalmi
11QtgJob_Job_Scroll,12,2,0.0,0.0,0.0,0.25,0.0,0.0,0.0,4.0,4.75,0.0,0.0,0.76294535,Yerushalmi
11QtgJob_Job_Scroll,12,3,0.0,0.0,0.0,0.0,0.0,0.0,0.0,4.0,3.0,0.0,0.0,0.88185406,Yerushalmi
11QtgJob_Job_Scroll,12,4,0.0,0.0,0.0,0.0,0.0,0.0,0.0,4.0,4.5,0.0,0.0,0.8952546,Yerushalmi
11QtgJob_Job_Scroll,12,5,0.0,0.0,0.0,0.5,0.0,0.0,0.0,3.0,4.3333,0.0,0.0,0.6418783,Yerushalmi
11QtgJob_Job_Scroll,12,6,0.0,0.0,0.0,0.5,0.0,0.0,0.0,3.0,5.6667,0.0,0.0,0.5904616,Yerushalmi
11QtgJob_Job_Scroll,12,7,0.0,0.0,0.0,0.5,0.0,0.0,0.0,2.0,7.0,0.0,0.0,0.57249165,Yerushalmi
11QtgJob_Job_Scroll,12,8,0.0,0.0,0.0,0.5,0.0,0.0,0.0,1.0,5.0,0.0,0.0,0.61855614,Yerushalmi
11QtgJob_Job_Scroll,12,9,0.0,0.0,0.0,0.5,0.0,0.0,0.0,2.0,4.0,0.0,0.0,0.59869605,Yerushalmi
11QtgJob_Job_Scroll,13,1,0.0,0.0,0.0,0.5,0.0,0.0,0.0,3.0,4.6667,0.0,0.0,0.6426978,Yerushalmi
11QtgJob_Job_Scroll,13,2,0.0,0.0,0.0,0.0,0.0,0.0,0.0,4.0,4.75,0.0,0.0,0.88499147,Yerushalmi
11QtgJob_Job_Scroll,13,3,0.0,0.0,0.0,0.5,0.0,0.0,0.0,3.0,5.6667,0.0,0.0,0.5904616,Yerushalmi
11QtgJob_Job_Scroll,13,4,0.0,0.0,0.0,0.2,0.0,0.0,0.0,5.0,5.2,0.0,0.0,0.7471359,Yerushalmi
11QtgJob_Job_Scroll,13,5,0.0,0.0,0.0,0.5,0.0,0.0,0.0,3.0,5.0,0.0,0.0,0.62922645,Yerushalmi
11QtgJob_Job_Scroll,13,6,0.0,0.0,0.0,0.5,0.3333,0.0,0.0,3.0,5.3333,0.0,0.0,0.612252,Yerushalmi
11QtgJob_Job_Scroll,13,7,0.0,0.0,0.0,0.5,0.3333,0.0,0.0,3.0,5.3333,0.0,0.0,0.612252,Yerushalmi
11QtgJob_Job_Scroll,13,8,0.0,0.0,0.0,0.5,0.0,0.0,0.0,3.0,5.6667,0.0,0.0,0.5904616,Yerushalmi
11QtgJob_Job_Scroll,13,9,0.0,0.0,0.0,0.5,0.0,0.0,0.0,3.0,5.6667,0.0,0.0,0.5904616,Yerushalmi
11QtgJob_Job_Scroll,13,10,0.0,0.0,0.0,0.5,0.0,0.0,0.0,2.0,5.0,0.0,0.0,0.62319374,Yerushalmi
11QtgJob_Job_Scroll,14,1,0.0,0.0,0.0,0.5,0.0,0.0,0.0,6.0,5.1667,0.0,0.0,0.6551557,Yerushalmi
11QtgJob_Job_Scroll,14,2,0.0,0.0,0.0,0.1667,0.3333,0.3333,0.0,6.0,5.3333,0.0,0.0,0.37672043,Bavli
11QtgJob_Job_Scroll,14,3,0.0,0.0,0.0,0.1429,0.0,0.0,0.0,7.0,4.7143,0.0,0.0,0.8700132,Yerushalmi
11QtgJob_Job_Scroll,14,4,0.0,0.0,0.0,0.0,0.0,0.0,0.0,7.0,4.2857,0.0,0.0,0.9338426,Yerushalmi
11QtgJob_Job_Scroll,14,5,0.0,0.0,0.0,0.1667,0.0,0.0,0.0,6.0,4.3333,0.0,0.0,0.8637941,Yerushalmi
11QtgJob_Job_Scroll,14,6,0.0,0.0,0.0,0.0,0.2857,0.0,0.0,7.0,4.1429,0.0,0.0,0.9664134,Yerushalmi
11QtgJob_Job_Scroll,14,7,0.0,0.0,0.0,0.0,0.0,0.0,0.0,7.0,4.0,0.0,0.0,0.9384284,Yerushalmi
11QtgJob_Job_Scroll,14,8,0.0,0.0,0.0,0.1667,0.0,0.0,0.0,6.0,4.1667,0.0,0.0,0.8677866,Yerushalmi
11QtgJob_Job_Scroll,14,9,0.0,0.0,0.0,0.2,0.0,0.0,0.0,5.0,5.4,0.0,0.0,0.70958084,Yerushalmi
11QtgJob_Job_Scroll,14,10,0.0,0.0,0.0,0.25,0.0,0.0,0.0,4.0,5.5,0.0,0.0,0.6569637,Yerushalmi
11QtgJob_Job_Scroll,14,11,0.0,0.0,0.0,0.5,0.6667,0.0,0.0,3.0,5.3333,0.0,0.0,0.6243961,Yerushalmi
11QtgJob_Job_Scroll,15,1,0.0,0.0,0.0,0.1667,0.3333,0.0,0.0,6.0,4.6667,0.0,0.0,0.904335,Yerushalmi
11QtgJob_Job_Scroll,15,2,0.0,0.0,0.0,0.1667,0.0,0.0,0.0,6.0,4.1667,0.0,0.0,0.8677866,Yerushalmi
11QtgJob_Job_Scroll,15,3,0.0,0.0,0.0,0.2857,0.0,0.0,0.0,7.0,4.1429,0.0,0.0,0.8440755,Yerushalmi
11QtgJob_Job_Scroll,15,4,0.0,0.0,0.0,0.1429,0.0,0.0,0.0,7.0,4.2857,0.0,0.0,0.89318424,Yerushalmi
11QtgJob_Job_Scroll,15,5,0.0,0.0,0.0,0.1429,0.0,0.0,0.0,7.0,4.5714,0.0,0.0,0.8802975,Yerushalmi
11QtgJob_Job_Scroll,15,6,0.0,0.0,0.0,0.1429,0.0,0.0,0.0,7.0,4.5714,0.0,0.0,0.8802975,Yerushalmi
11QtgJob_Job_Scroll,15,7,0.0,0.0,0.0,0.1667,0.0,0.0,0.0,6.0,4.3333,0.0,0.0,0.8637941,Yerushalmi
11QtgJob_Job_Scroll,15,8,0.0,0.0,0.0,0.2,0.0,0.0,0.0,5.0,4.6,0.0,0.0,0.81705093,Yerushalmi
11QtgJob_Job_Scroll,15,9,0.0,0.0,0.0,0.5,0.0,0.0,0.0,3.0,6.6667,0.0,0.0,0.55225354,Yerushalmi
11QtgJob_Job_Scroll,16,1,0.0,0.0,0.0,0.25,0.0,0.0,0.0,4.0,4.25,0.0,0.0,0.78379905,Yerushalmi
11QtgJob_Job_Scroll,16,2,0.0,0.0,0.0,0.2,0.0,0.0,0.0,5.0,4.2,0.0,0.0,0.8318982,Yerushalmi
11QtgJob_Job_Scroll,16,3,0.0,0.0,0.0,0.0,0.0,0.0,0.0,4.0,5.75,0.0,0.0,0.7707004,Yerushalmi
11QtgJob_Job_Scroll,16,4,0.0,0.0,0.0,0.6,0.0,0.0,0.0,5.0,6.0,0.0,0.0,0.5725696,Yerushalmi
11QtgJob_Job_Scroll,16,5,0.0,0.0,0.0,0.2,0.0,0.0,0.0,5.0,4.4,0.0,0.0,0.8271156,Yerushalmi
11QtgJob_Job_Scroll,16,6,0.0,0.0,0.0,0.0,0.0,0.0,0.0,4.0,6.0,0.0,0.0,0.71395504,Yerushalmi
11QtgJob_Job_Scroll,16,7,0.0,0.0,0.0,0.2,0.0,0.0,0.0,5.0,5.8,0.0,0.0,0.62469673,Yerushalmi
11QtgJob_Job_Scroll,16,8,0.0,0.0,0.0,0.0,0.0,0.0,0.0,5.0,5.0,0.0,0.0,0.8783632,Yerushalmi
11QtgJob_Job_Scroll,16,9,0.0,0.0,0.0,0.5,0.0,0.0,0.0,3.0,6.6667,0.0,0.0,0.55225354,Yerushalmi
11QtgJob_Job_Scroll,16,10,0.0,0.0,0.0,0.5,0.0,0.0,0.0,3.0,5.0,0.0,0.0,0.62922645,Yerushalmi
11QtgJob_Job_Scroll,17,1,0.0,0.0,0.0,0.5,0.0,0.0,0.0,2.0,4.5,0.0,0.0,0.6286017,Yerushalmi
11QtgJob_Job_Scroll,17,2,0.0,0.0,0.0,0.5,0.0,0.0,0.0,2.0,5.0,0.0,0.0,0.62319374,Yerushalmi
11QtgJob_Job_Scroll,17,3,0.0,0.0,0.0,0.5,0.0,0.0,0.0,2.0,5.0,0.0,0.0,0.62319374,Yerushalmi
11QtgJob_Job_Scroll,17,4,0.0,0.0,0.0,0.5,1.0,0.0,0.0,2.0,5.0,0.0,0.0,0.70756805,Yerushalmi
11QtgJob_Job_Scroll,17,5,0.0,0.0,0.0,0.5,0.0,0.0,0.0,2.0,4.5,0.0,0.0,0.6286017,Yerushalmi
11QtgJob_Job_Scroll,17,6,0.0,0.0,0.0,0.5,0.0,0.0,0.0,2.0,5.0,0.0,0.0,0.62319374,Yerushalmi
11QtgJob_Job_Scroll,17,7,0.0,0.0,0.0,0.5,0.0,0.0,0.0,2.0,5.0,0.0,0.0,0.62319374,Yerushalmi
11QtgJob_Job_Scroll,17,8,0.0,0.0,0.0,0.0,0.0,0.0,0.0,4.0,5.25,0.0,0.0,0.84723234,Yerushalmi
11QtgJob_Job_Scroll,18,1,0.0,0.0,0.0,0.5,0.0,0.0,0.0,3.0,5.3333,0.0,0.0,0.6094353,Yerushalmi
11QtgJob_Job_Scroll,18,2,0.0,0.0,0.0,0.5,0.0,0.0,0.0,3.0,4.6667,0.0,0.0,0.6426978,Yerushalmi
11QtgJob_Job_Scroll,18,3,0.0,0.0,0.0,0.0,0.0,0.0,0.0,4.0,4.5,0.0,0.0,0.8952546,Yerushalmi
11QtgJob_Job_Scroll,18,4,0.0,0.0,0.0,0.1667,0.0,0.0,0.0,6.0,3.6667,0.0,0.0,0.862885,Yerushalmi
11QtgJob_Job_Scroll,18,5,0.0,0.0,0.0,0.0,0.0,0.0,0.0,6.0,4.3333,0.0,0.0,0.92132694,Yerushalmi
11QtgJob_Job_Scroll,18,6,0.0,0.0,0.0,0.3333,0.1667,0.0,0.0,6.0,4.3333,0.0,0.0,0.8194208,Yerushalmi
11QtgJob_Job_Scroll,18,7,0.0,0.0,0.0,0.0,0.8,0.8,0.0,5.0,4.0,0.0,0.0,0.18986025,Bavli
11QtgJob_Job_Scroll,18,8,0.0,0.0,0.0,0.5,0.3333,0.0,0.0,3.0,4.6667,0.0,0.0,0.6729187,Yerushalmi
11QtgJob_Job_Scroll,18,9,0.0,0.0,0.0,0.0,0.0,0.0,0.0,4.0,4.75,0.0,0.0,0.88499147,Yerushalmi
11QtgJob_Job_Scroll,19,1,0.0,0.0,0.0,0.5,0.0,0.0,0.0,3.0,4.3333,0.0,0.0,0.6418783,Yerushalmi
11QtgJob_Job_Scroll,19,2,0.0,0.0,0.0,0.2,0.0,0.0,0.0,5.0,4.4,0.0,0.0,0.8271156,Yerushalmi
11QtgJob_Job_Scroll,19,3,0.0,0.0,0.0,0.2,0.0,0.0,0.0,5.0,4.8,0.0,0.0,0.8009208,Yerushalmi
11QtgJob_Job_Scroll,19,4,0.0,0.0,0.0,0.5,0.0,0.0,0.0,3.0,5.0,0.0,0.0,0.62922645,Yerushalmi
11QtgJob_Job_Scroll,19,5,0.0,0.0,0.0,0.5,0.0,0.0,0.0,4.0,5.0,0.0,0.0,0.63844395,Yerushalmi
11QtgJob_Job_Scroll,19,6,0.0,0.0,0.0,0.25,0.0,0.0,0.0,4.0,5.5,0.0,0.0,0.6569637,Yerushalmi
11QtgJob_Job_Scroll,19,7,0.0,0.0,0.0,0.0,0.0,0.0,0.0,5.0,4.2,0.0,0.0,0.91312647,Yerushalmi
11QtgJob_Job_Scroll,19,8,0.0,0.0,0.0,0.5,0.0,0.0,0.0,3.0,3.6667,0.0,0.0,0.5838419,Yerushalmi
11QtgJob_Job_Scroll,19,9,0.0,0.0,0.0,0.5,0.0,0.0,0.0,2.0,3.0,0.0,0.0,0.44198328,Bavli
11QtgJob_Job_Scroll,20,1,0.0,0.0,0.0,0.5,0.0,0.0,0.0,3.0,3.6667,0.0,0.0,0.5838419,Yerushalmi
11QtgJob_Job_Scroll,20,2,0.0,0.0,0.0,0.5,0.0,0.0,0.0,3.0,4.6667,0.0,0.0,0.6426978,Yerushalmi
11QtgJob_Job_Scroll,20,3,0.0,0.0,0.0,0.5,0.6667,0.3333,0.0,3.0,4.6667,0.0,0.0,0.3927748,Bavli
11QtgJob_Job_Scroll,20,4,0.0,0.0,0.0,0.5,0.0,0.0,0.0,3.0,3.6667,0.0,0.0,0.5838419,Yerushalmi
11QtgJob_Job_Scroll,20,6,0.0,0.0,0.0,0.5,0.0,0.0,0.0,3.0,3.6667,0.0,0.0,0.5838419,Yerushalmi
11QtgJob_Job_Scroll,20,7,0.0,0.0,0.0,0.5,0.0,0.0,0.0,3.0,4.0,0.0,0.0,0.622399,Yerushalmi
11QtgJob_Job_Scroll,20,8,0.0,0.0,0.0,0.5,0.0,0.0,0.0,3.0,3.3333,0.0,0.0,0.52942264,Yerushalmi
11QtgJob_Job_Scroll,20,9,0.0,0.0,0.0,0.5,0.0,0.0,0.0,2.0,4.0,0.0,0.0,0.59869605,Yerushalmi
11QtgJob_Job_Scroll,21,1,0.0,0.0,0.0,0.0,0.0,0.0,0.0,6.0,3.1667,0.0,0.0,0.9175449,Yerushalmi
11QtgJob_Job_Scroll,21,2,0.0,0.0,0.0,0.0,0.0,0.0,0.0,5.0,4.2,0.0,0.0,0.91312647,Yerushalmi
11QtgJob_Job_Scroll,21,3,0.0,0.0,0.0,0.1667,0.0,0.0,0.0,6.0,4.1667,0.0,0.0,0.8677866,Yerushalmi
11QtgJob_Job_Scroll,21,4,0.0,0.0,0.0,0.0,0.0,0.0,0.0,4.0,5.5,0.0,0.0,0.81515896,Yerushalmi
11QtgJob_Job_Scroll,21,5,0.0,0.0,0.0,0.2,0.0,0.0,0.0,5.0,4.0,0.0,0.0,0.8318765,Yerushalmi
11QtgJob_Job_Scroll,21,6,0.0,0.0,0.0,0.2,0.4,0.2,0.0,5.0,4.2,0.0,0.0,0.52613026,Yerushalmi
11QtgJob_Job_Scroll,21,7,0.0,0.0,0.0,0.5,0.0,0.0,0.0,4.0,5.0,0.0,0.0,0.63844395,Yerushalmi
11QtgJob_Job_Scroll,21,8,0.0,0.0,0.0,0.2,0.8,0.8,0.0,5.0,4.0,0.0,0.0,0.2491654,Bavli
11QtgJob_Job_Scroll,21,9,0.0,0.0,0.0,0.2,0.0,0.0,0.0,5.0,4.2,0.0,0.0,0.8318982,Yerushalmi
11QtgJob_Job_Scroll,22,1,0.0,0.0,0.0,0.0,0.0,0.0,0.0,6.0,4.0,0.0,0.0,0.9269376,Yerushalmi
11QtgJob_Job_Scroll,22,2,0.0,0.0,0.0,0.2857,0.1429,0.0,0.0,7.0,4.0,0.0,0.0,0.8683044,Yerushalmi
11QtgJob_Job_Scroll,22,3,0.0,0.0,0.0,0.2857,0.0,0.0,0.0,7.0,3.5714,0.0,0.0,0.83007616,Yerushalmi
11QtgJob_Job_Scroll,22,4,0.0,0.0,0.0,0.0,0.0,0.0,0.0,7.0,3.7143,0.0,0.0,0.93939495,Yerushalmi
11QtgJob_Job_Scroll,22,5,0.0,0.0,0.0,0.2857,0.0,0.0,0.0,7.0,3.8571,0.0,0.0,0.8428165,Yerushalmi
11QtgJob_Job_Scroll,22,6,0.0,0.0,0.0,0.0,0.0,0.0,0.0,7.0,3.7143,0.0,0.0,0.93939495,Yerushalmi
11QtgJob_Job_Scroll,22,7,0.0,0.0,0.0,0.1667,0.0,0.0,0.0,6.0,5.0,0.0,0.0,0.81081706,Yerushalmi
11QtgJob_Job_Scroll,22,8,0.0,0.0,0.0,0.0,0.0,0.0,0.0,6.0,4.3333,0.0,0.0,0.92132694,Yerushalmi
11QtgJob_Job_Scroll,22,9,0.0,0.0,0.0,0.4,0.0,0.0,0.0,5.0,5.4,0.0,0.0,0.62340313,Yerushalmi
11QtgJob_Job_Scroll,22,10,0.0,0.0,0.0,0.2,0.4,0.0,0.0,5.0,4.4,0.0,0.0,0.90267366,Yerushalmi
11QtgJob_Job_Scroll,23,1,0.0,0.0,0.0,0.25,0.0,0.0,0.0,8.0,4.625,0.0,0.0,0.8570737,Yerushalmi
11QtgJob_Job_Scroll,23,2,0.0,0.0,0.0,0.2,0.2,0.0,0.0,5.0,4.6,0.0,0.0,0.8579545,Yerushalmi
11QtgJob_Job_Scroll,23,3,0.0,0.0,0.0,0.2857,0.2857,0.1429,0.0,7.0,5.2857,0.0,0.0,0.51784813,Yerushalmi
11QtgJob_Job_Scroll,23,4,0.0,0.0,0.0,0.6,0.4,0.4,0.0,5.0,5.2,0.0,0.0,0.38721102,Bavli
11QtgJob_Job_Scroll,23,5,0.0,0.0,0.0,0.3333,0.0,0.0,0.0,6.0,4.5,0.0,0.0,0.7805691,Yerushalmi
11QtgJob_Job_Scroll,23,6,0.0,0.0,0.0,0.25,0.0,0.0,0.0,4.0,6.0,0.0,0.0,0.5687706,Yerushalmi
11QtgJob_Job_Scroll,23,7,0.0,0.0,0.0,0.2,0.4,0.4,0.0,5.0,4.0,0.0,0.0,0.24725378,Bavli
11QtgJob_Job_Scroll,23,8,0.0,0.0,0.0,0.0,0.0,0.0,0.0,4.0,4.5,0.0,0.0,0.8952546,Yerushalmi
11QtgJob_Job_Scroll,23,9,0.0,0.0,0.0,0.0,0.2,0.0,0.0,5.0,4.2,0.0,0.0,0.94440573,Yerushalmi
11QtgJob_Job_Scroll,24,1,0.0,0.0,0.0,0.1429,0.0,0.0,0.0,7.0,5.0,0.0,0.0,0.83935624,Yerushalmi
11QtgJob_Job_Scroll,24,2,0.0,0.0,0.0,0.0,0.1429,0.0,0.0,7.0,3.5714,0.0,0.0,0.955996,Yerushalmi
11QtgJob_Job_Scroll,24,3,0.0,0.0,0.0,0.0,0.0,0.0,0.0,5.0,4.2,0.0,0.0,0.91312647,Yerushalmi
11QtgJob_Job_Scroll,24,4,0.0,0.0,0.0,0.0,0.0,0.0,0.0,7.0,3.5714,0.0,0.0,0.9385731,Yerushalmi
11QtgJob_Job_Scroll,24,5,0.0,0.0,0.0,0.125,0.0,0.0,0.0,8.0,3.75,0.0,0.0,0.92147785,Yerushalmi
11QtgJob_Job_Scroll,24,6,0.0,0.0,0.0,0.25,0.0,0.0,0.0,4.0,4.0,0.0,0.0,0.78099436,Yerushalmi
11QtgJob_Job_Scroll,24,7,0.0,0.0,0.0,0.1429,0.1429,0.0,0.0,7.0,4.1429,0.0,0.0,0.91810876,Yerushalmi
11QtgJob_Job_Scroll,24,8,0.0,0.0,0.0,0.2857,0.0,0.0,0.0,7.0,4.5714,0.0,0.0,0.8225714,Yerushalmi
11QtgJob_Job_Scroll,24,9,0.0,0.0,0.0,0.5,0.3333,0.0,0.0,3.0,5.3333,0.0,0.0,0.612252,Yerushalmi
11QtgJob_Job_Scroll,24,10,0.0,0.0,0.0,0.5,0.0,0.0,0.0,3.0,7.3333,0.0,0.0,0.5345589,Yerushalmi
11QtgJob_Job_Scroll,25,1,0.0,0.0,0.0,0.1667,0.6667,0.6667,0.0,6.0,5.6667,0.0,0.0,0.29389113,Bavli
11QtgJob_Job_Scroll,25,2,0.0,0.0,0.0,0.2857,0.0,0.0,0.0,7.0,4.7143,0.0,0.0,0.8082342,Yerushalmi
11QtgJob_Job_Scroll,25,3,0.0,0.0,0.0,0.1429,0.0,0.0,0.0,7.0,4.8571,0.0,0.0,0.85655046,Yerushalmi
11QtgJob_Job_Scroll,25,4,0.0,0.0,0.0,0.1667,0.0,0.0,0.0,6.0,5.0,0.0,0.0,0.81081706,Yerushalmi
11QtgJob_Job_Scroll,25,5,0.0,0.0,0.0,0.0,0.2857,0.1429,0.0,7.0,4.0,0.0,0.0,0.84655255,Yerushalmi
11QtgJob_Job_Scroll,25,6,0.0,0.0,0.0,0.0,0.4,0.4,0.0,5.0,5.6,0.0,0.0,0.40827957,Bavli
11QtgJob_Job_Scroll,25,7,0.0,0.0,0.0,0.0,0.0,0.0,0.0,5.0,5.2,0.0,0.0,0.86013865,Yerushalmi
11QtgJob_Job_Scroll,25,8,0.0,0.0,0.0,0.0,0.0,0.0,0.0,5.0,3.8,0.0,0.0,0.91589123,Yerushalmi
11QtgJob_Job_Scroll,25,9,0.0,0.0,0.0,0.2,0.0,0.0,0.0,5.0,4.0,0.0,0.0,0.8318765,Yerushalmi
11QtgJob_Job_Scroll,25,10,0.0,0.0,0.0,0.5,0.0,0.0,0.0,2.0,7.0,0.0,0.0,0.57249165,Yerushalmi
11QtgJob_Job_Scroll,26,1,0.0,0.0,0.0,0.1429,0.0,0.0,0.0,7.0,4.8571,0.0,0.0,0.85655046,Yerushalmi
11QtgJob_Job_Scroll,26,2,0.0,0.0,0.0,0.1,0.0,0.0,0.0,10.0,3.6,0.0,0.0,0.9560146,Yerushalmi
11QtgJob_Job_Scroll,26,3,0.0,0.0,0.0,0.25,0.0,0.0,0.0,4.0,5.25,0.0,0.0,0.7010521,Yerushalmi
11QtgJob_Job_Scroll,26,4,0.0,0.0,0.0,0.1667,0.0,0.0,0.0,6.0,4.6667,0.0,0.0,0.84584236,Yerushalmi
11QtgJob_Job_Scroll,26,5,0.0,0.0,0.0,0.0,0.1429,0.0,0.0,7.0,4.7143,0.0,0.0,0.93843967,Yerushalmi
11QtgJob_Job_Scroll,26,6,0.0,0.0,0.0,0.25,0.0,0.0,0.0,8.0,4.25,0.0,0.0,0.8807629,Yerushalmi
11QtgJob_Job_Scroll,26,7,0.0,0.0,0.0,0.1667,0.0,0.0,0.0,6.0,4.5,0.0,0.0,0.8566322,Yerushalmi
11QtgJob_Job_Scroll,26,8,0.0,0.0,0.0,0.1667,0.0,0.0,0.0,6.0,6.6667,0.0,0.0,0.48484936,Bavli
11QtgJob_Job_Scroll,26,9,0.0,0.0,0.0,0.0,0.2,0.0,0.0,5.0,4.0,0.0,0.0,0.9466463,Yerushalmi
11QtgJob_Job_Scroll,26,10,0.0,0.0,0.0,0.5,0.0,0.0,0.0,3.0,5.0,0.0,0.0,0.62922645,Yerushalmi
11QtgJob_Job_Scroll,27,1,0.0,0.0,0.0,0.0,1.3333,0.8333,0.0,6.0,5.6667,0.0,0.0,0.43162927,Bavli
11QtgJob_Job_Scroll,27,2,0.0,0.0,0.0,0.2857,0.0,0.0,0.0,7.0,4.8571,0.0,0.0,0.7900178,Yerushalmi
11QtgJob_Job_Scroll,27,3,0.0,0.0,0.0,0.2857,1.1429,0.7143,0.0,7.0,6.1429,0.0,0.0,0.42486697,Bavli
11QtgJob_Job_Scroll,27,4,0.0,0.0,0.0,0.0,0.2857,0.1429,0.0,7.0,5.4286,0.0,0.0,0.7348617,Yerushalmi
11QtgJob_Job_Scroll,27,5,0.0,0.0,0.0,0.4286,0.1429,0.0,0.0,7.0,6.0,0.0,0.0,0.56757617,Yerushalmi
11QtgJob_Job_Scroll,27,6,0.0,0.0,0.0,0.5,0.0,0.0,0.0,6.0,5.3333,0.0,0.0,0.6360202,Yerushalmi
11QtgJob_Job_Scroll,27,7,0.0,0.0,0.0,0.1667,0.1667,0.0,0.0,6.0,4.8333,0.0,0.0,0.8631214,Yerushalmi
11QtgJob_Job_Scroll,27,8,0.0,0.0,0.0,0.4,0.0,0.0,0.0,5.0,6.2,0.0,0.0,0.53118885,Yerushalmi
11QtgJob_Job_Scroll,27,9,0.0,0.0,0.0,0.25,0.0,0.0,0.0,4.0,4.75,0.0,0.0,0.76294535,Yerushalmi
11QtgJob_Job_Scroll,27,10,0.0,0.0,0.0,0.5,0.0,0.0,0.0,1.0,15.0,0.0,0.0,0.48451245,Bavli
11QtgJob_Job_Scroll,28,1,0.0,0.0,0.0,0.0,0.0,0.0,0.0,9.0,4.6667,0.0,0.0,0.94084877,Yerushalmi
11QtgJob_Job_Scroll,28,2,0.0,0.0,0.0,0.1111,0.4444,0.4444,0.0,9.0,4.6667,0.0,0.0,0.33880207,Bavli
11QtgJob_Job_Scroll,28,3,0.0,0.0,0.0,0.125,0.0,0.0,0.0,8.0,4.125,0.0,0.0,0.9200929,Yerushalmi
11QtgJob_Job_Scroll,28,4,0.0,0.0,0.0,0.125,0.25,0.0,0.0,8.0,4.625,0.0,0.0,0.9330133,Yerushalmi
11QtgJob_Job_Scroll,28,5,0.0,0.0,0.0,0.2857,0.2857,0.0,0.0,7.0,5.7143,0.0,0.0,0.6665429,Yerushalmi
11QtgJob_Job_Scroll,28,6,0.0,0.0,0.0,0.0,0.0,0.0,0.0,6.0,3.3333,0.0,0.0,0.92218137,Yerushalmi
11QtgJob_Job_Scroll,28,7,0.0,0.0,0.0,0.2,0.0,0.0,0.0,5.0,5.0,0.0,0.0,0.7778003,Yerushalmi
11QtgJob_Job_Scroll,28,8,0.0,0.0,0.0,0.0,0.0,0.0,0.0,6.0,4.5,0.0,0.0,0.91627246,Yerushalmi
11QtgJob_Job_Scroll,28,9,0.0,0.0,0.0,0.0,0.0,0.0,0.0,4.0,4.5,0.0,0.0,0.8952546,Yerushalmi
11QtgJob_Job_Scroll,28,10,0.0,0.0,0.0,0.0,0.0,0.0,0.0,4.0,6.0,0.0,0.0,0.71395504,Yerushalmi
11QtgJob_Job_Scroll,29,1,0.0,0.0,0.0,0.1,0.0,0.0,0.0,10.0,4.4,0.0,0.0,0.9442016,Yerushalmi
11QtgJob_Job_Scroll,29,2,0.0,0.0,0.0,0.25,0.0,0.0,0.0,8.0,4.5,0.0,0.0,0.8674747,Yerushalmi
11QtgJob_Job_Scroll,29,3,0.0,0.0,0.0,0.0,0.0,0.0,0.0,10.0,3.2,0.0,0.0,0.96737975,Yerushalmi
11QtgJob_Job_Scroll,29,4,0.0,0.0,0.0,0.2222,0.0,0.0,0.0,9.0,3.8889,0.0,0.0,0.9171162,Yerushalmi
11QtgJob_Job_Scroll,29,5,0.0,0.0,0.0,0.25,0.625,0.5,0.0,8.0,4.375,0.0,0.0,0.28814283,Bavli
11QtgJob_Job_Scroll,29,6,0.0,0.0,0.0,0.25,0.25,0.0,0.0,8.0,6.875,0.0,0.0,0.44611183,Bavli
11QtgJob_Job_Scroll,29,7,0.0,0.0,0.0,0.2857,0.2857,0.0,0.0,7.0,6.8571,0.0,0.0,0.44499266,Bavli
11QtgJob_Job_Scroll,29,8,0.0,0.0,0.0,0.0,0.2222,0.0,0.0,9.0,4.3333,0.0,0.0,0.9712642,Yerushalmi
11QtgJob_Job_Scroll,29,9,0.0,0.0,0.0,0.0,0.5,0.0,0.0,4.0,7.25,0.0,0.0,0.4813727,Bavli
11QtgJob_Job_Scroll,30,1,0.0,0.0,0.0,0.4286,0.2857,0.1429,0.0,7.0,6.0,0.0,0.0,0.42858756,Bavli
11QtgJob_Job_Scroll,30,2,0.0,0.0,0.0,0.125,0.375,0.0,0.0,8.0,4.0,0.0,0.0,0.95876676,Yerushalmi
11QtgJob_Job_Scroll,30,3,0.0,0.0,0.0,0.0,0.2,0.0,0.0,10.0,3.1,0.0,0.0,0.9783537,Yerushalmi
11QtgJob_Job_Scroll,30,4,0.0,0.0,0.0,0.1,0.4,0.4,0.0,10.0,4.8,0.0,0.0,0.3973687,Bavli
11QtgJob_Job_Scroll,30,5,0.0,0.0,0.0,0.125,0.0,0.0,0.0,8.0,4.75,0.0,0.0,0.89061123,Yerushalmi
11QtgJob_Job_Scroll,30,6,0.0,0.0,0.0,0.4286,0.0,0.0,0.0,7.0,4.7143,0.0,0.0,0.7505403,Yerushalmi
11QtgJob_Job_Scroll,30,7,0.0,0.0,0.0,0.2857,0.0,0.0,0.0,7.0,6.4286,0.0,0.0,0.5005796,Yerushalmi
11QtgJob_Job_Scroll,30,8,0.0,0.0,0.0,0.125,0.0,0.0,0.0,8.0,4.875,0.0,0.0,0.87851405,Yerushalmi
11QtgJob_Job_Scroll,30,9,0.0,0.0,0.0,0.2857,0.0,0.0,0.0,7.0,5.4286,0.0,0.0,0.68576956,Yerushalmi
11QtgJob_Job_Scroll,30,10,0.0,0.0,0.0,0.5,0.0,0.0,0.0,3.0,7.0,0.0,0.0,0.54305905,Yerushalmi
11QtgJob_Job_Scroll,31,1,0.0,0.0,0.0,0.25,0.0,0.0,0.0,4.0,5.5,0.0,0.0,0.6569637,Yerushalmi
11QtgJob_Job_Scroll,31,2,0.0,0.0,0.0,0.125,0.0,0.0,0.0,8.0,3.75,0.0,0.0,0.92147785,Yerushalmi
11QtgJob_Job_Scroll,31,3,0.0,0.0,0.0,0.125,0.0,0.0,0.0,8.0,4.375,0.0,0.0,0.913234,Yerushalmi
11QtgJob_Job_Scroll,31,4,0.0,0.0,0.0,0.1429,0.0,0.0,0.0,7.0,4.2857,0.0,0.0,0.89318424,Yerushalmi
11QtgJob_Job_Scroll,31,5,0.0,0.0,0.0,0.25,0.0,0.0,0.0,8.0,3.875,0.0,0.0,0.8852258,Yerushalmi
11QtgJob_Job_Scroll,31,6,0.0,0.0,0.0,0.2222,0.0,0.0,0.0,9.0,4.2222,0.0,0.0,0.9118863,Yerushalmi
11QtgJob_Job_Scroll,31,7,0.0,0.0,0.0,0.25,0.0,0.0,0.0,8.0,5.5,0.0,0.0,0.70628655,Yerushalmi
11QtgJob_Job_Scroll,31,8,0.0,0.0,0.0,0.0,0.0,0.0,0.0,6.0,5.5,0.0,0.0,0.8276622,Yerushalmi
11QtgJob_Job_Scroll,31,9,0.0,0.0,0.0,0.0,0.0,0.0,0.0,5.0,4.2,0.0,0.0,0.91312647,Yerushalmi
11QtgJob_Job_Scroll,32,1,0.0,0.0,0.0,0.1429,0.0,0.0,0.0,7.0,5.7143,0.0,0.0,0.694865,Yerushalmi
11QtgJob_Job_Scroll,32,2,0.0,0.0,0.0,0.2857,0.2857,0.0,0.0,7.0,5.0,0.0,0.0,0.8174344,Yerushalmi
11QtgJob_Job_Scroll,32,3,0.0,0.0,0.0,0.375,0.25,0.125,0.0,8.0,4.5,0.0,0.0,0.62426424,Yerushalmi
11QtgJob_Job_Scroll,32,4,0.0,0.0,0.0,0.125,0.0,0.0,0.0,8.0,3.875,0.0,0.0,0.92210335,Yerushalmi
11QtgJob_Job_Scroll,32,5,0.0,0.0,0.0,0.25,0.0,0.0,0.0,8.0,4.125,0.0,0.0,0.8841423,Yerushalmi
11QtgJob_Job_Scroll,32,6,0.0,0.0,0.0,0.125,0.0,0.0,0.0,8.0,4.125,0.0,0.0,0.9200929,Yerushalmi
11QtgJob_Job_Scroll,32,7,0.0,0.0,0.0,0.25,0.0,0.0,0.0,8.0,4.375,0.0,0.0,0.87528294,Yerushalmi
11QtgJob_Job_Scroll,32,8,0.0,0.0,0.0,0.2857,0.0,0.0,0.0,7.0,4.7143,0.0,0.0,0.8082342,Yerushalmi
11QtgJob_Job_Scroll,32,9,0.0,0.0,0.0,0.6667,0.0,0.0,0.0,6.0,6.1667,0.0,0.0,0.5712603,Yerushalmi
11QtgJob_Job_Scroll,32,10,0.0,0.0,0.0,0.1667,0.0,0.0,0.0,6.0,5.6667,0.0,0.0,0.6807715,Yerushalmi
11QtgJob_Job_Scroll,33,1,0.0,0.0,0.0,0.5,0.5,0.25,0.0,4.0,5.75,0.0,0.0,0.4087,Bavli
11QtgJob_Job_Scroll,33,2,0.0,0.0,0.0,0.4286,0.0,0.0,0.0,7.0,6.5714,0.0,0.0,0.491917,Bavli
11QtgJob_Job_Scroll,33,3,0.0,0.0,0.0,0.25,0.0,0.0,0.0,8.0,3.75,0.0,0.0,0.8830949,Yerushalmi
11QtgJob_Job_Scroll,33,4,0.0,0.0,0.0,0.1111,0.4444,0.2222,0.0,9.0,3.5556,0.0,0.0,0.67200804,Yerushalmi
11QtgJob_Job_Scroll,33,5,0.0,0.0,0.0,0.3333,0.0,0.0,0.0,9.0,4.1111,0.0,0.0,0.8857747,Yerushalmi
11QtgJob_Job_Scroll,33,6,0.0,0.0,0.0,0.3333,0.0,0.0,0.0,6.0,4.6667,0.0,0.0,0.76637596,Yerushalmi
11QtgJob_Job_Scroll,33,7,0.0,0.0,0.0,0.2857,0.0,0.0,0.0,7.0,4.2857,0.0,0.0,0.84022915,Yerushalmi
11QtgJob_Job_Scroll,33,8,0.0,0.0,0.0,0.0,0.0,0.0,0.0,7.0,5.8571,0.0,0.0,0.7554178,Yerushalmi
11QtgJob_Job_Scroll,33,9,0.0,0.0,0.0,0.4286,1.1429,0.7143,0.0,7.0,5.8571,0.0,0.0,0.47810614,Bavli
11QtgJob_Job_Scroll,33,10,0.0,0.0,0.0,0.0,0.0,0.0,0.0,4.0,6.5,0.0,0.0,0.5892068,Yerushalmi
11QtgJob_Job_Scroll,34,1,0.0,0.0,0.0,0.5,0.0,0.0,0.0,2.0,8.0,0.0,0.0,0.5571295,Yerushalmi
11QtgJob_Job_Scroll,34,2,0.0,0.0,0.0,0.2222,0.0,0.0,0.0,9.0,4.6667,0.0,0.0,0.88404644,Yerushalmi
11QtgJob_Job_Scroll,34,3,0.0,0.0,0.0,0.4286,0.2857,0.1429,0.0,7.0,4.4286,0.0,0.0,0.52866155,Yerushalmi
11QtgJob_Job_Scroll,34,4,0.0,0.0,0.0,0.1429,0.0,0.0,0.0,7.0,4.5714,0.0,0.0,0.8802975,Yerushalmi
11QtgJob_Job_Scroll,34,5,0.0,0.0,0.0,0.2222,0.0,0.0,0.0,9.0,3.4444,0.0,0.0,0.9082214,Yerushalmi
11QtgJob_Job_Scroll,34,6,0.0,0.0,0.0,0.4444,0.0,0.0,0.0,9.0,4.0,0.0,0.0,0.8570321,Yerushalmi
11QtgJob_Job_Scroll,34,7,0.0,0.0,0.0,0.3333,0.2222,0.2222,0.0,9.0,3.7778,0.0,0.0,0.45152232,Bavli
11QtgJob_Job_Scroll,34,8,0.0,0.0,0.0,0.2857,0.0,0.0,0.0,7.0,5.7143,0.0,0.0,0.6269845,Yerushalmi
11QtgJob_Job_Scroll,34,9,0.0,0.0,0.0,0.3333,0.0,0.0,0.0,6.0,5.0,0.0,0.0,0.72309685,Yerushalmi
11QtgJob_Job_Scroll,34,10,0.0,0.0,0.0,0.5,0.0,0.0,0.0,2.0,5.5,0.0,0.0,0.6026482,Yerushalmi
11QtgJob_Job_Scroll,35,1,0.0,0.0,0.0,0.5,0.0,0.0,0.0,1.0,4.0,0.0,0.0,0.5787857,Yerushalmi
11QtgJob_Job_Scroll,35,2,0.0,0.0,0.0,0.0,0.0,0.0,0.0,7.0,4.7143,0.0,0.0,0.91839993,Yerushalmi
11QtgJob_Job_Scroll,35,3,0.0,0.0,0.0,0.4286,0.0,0.0,0.0,7.0,4.4286,0.0,0.0,0.7761276,Yerushalmi
11QtgJob_Job_Scroll,35,4,0.0,0.0,0.0,0.4286,0.0,0.0,0.0,7.0,3.8571,0.0,0.0,0.78330463,Yerushalmi
11QtgJob_Job_Scroll,35,5,0.0,0.0,0.0,0.5,0.0,0.0,0.0,6.0,4.3333,0.0,0.0,0.7238659,Yerushalmi
11QtgJob_Job_Scroll,35,6,0.0,0.0,0.0,0.375,0.5,0.5,0.0,8.0,3.75,0.0,0.0,0.22079775,Bavli
11QtgJob_Job_Scroll,35,7,0.0,0.0,0.0,0.3333,0.0,0.0,0.0,6.0,4.1667,0.0,0.0,0.79359615,Yerushalmi
11QtgJob_Job_Scroll,35,8,0.0,0.0,0.0,0.5,0.0,0.0,0.0,6.0,6.5,0.0,0.0,0.5167502,Yerushalmi
11QtgJob_Job_Scroll,35,9,0.0,0.0,0.0,0.4,0.0,0.0,0.0,5.0,6.4,0.0,0.0,0.51420635,Yerushalmi
11QtgJob_Job_Scroll,35,10,0.0,0.0,0.0,0.2,0.0,0.0,0.0,5.0,7.6,0.0,0.0,0.4002825,Bavli
11QtgJob_Job_Scroll,36,2,0.0,0.0,0.0,0.125,0.0,0.0,0.0,8.0,4.625,0.0,0.0,0.90017605,Yerushalmi
11QtgJob_Job_Scroll,36,3,0.0,0.0,0.0,0.1667,0.0,0.0,0.0,6.0,5.5,0.0,0.0,0.71896595,Yerushalmi
11QtgJob_Job_Scroll,36,4,0.0,0.0,0.0,0.125,0.0,0.0,0.0,8.0,4.5,0.0,0.0,0.90760446,Yerushalmi
11QtgJob_Job_Scroll,36,5,0.0,0.0,0.0,0.125,0.0,0.0,0.0,8.0,4.25,0.0,0.0,0.9173311,Yerushalmi
11QtgJob_Job_Scroll,36,6,0.0,0.0,0.0,0.2857,0.0,0.0,0.0,7.0,4.5714,0.0,0.0,0.8225714,Yerushalmi
11QtgJob_Job_Scroll,36,7,0.0,0.0,0.0,0.2857,0.0,0.0,0.0,7.0,4.1429,0.0,0.0,0.8440755,Yerushalmi
11QtgJob_Job_Scroll,36,8,0.0,0.0,0.0,0.0,0.0,0.0,0.0,6.0,5.0,0.0,0.0,0.8885336,Yerushalmi
11QtgJob_Job_Scroll,36,9,0.0,0.0,0.0,0.6,0.0,0.0,0.0,5.0,5.8,0.0,0.0,0.5875465,Yerushalmi
11QtgJob_Job_Scroll,36,10,0.0,0.0,0.0,0.5,0.0,0.0,0.0,1.0,12.0,0.0,0.0,0.5262921,Yerushalmi
11QtgJob_Job_Scroll,37,2,0.0,0.0,0.0,0.1667,0.0,0.0,0.0,6.0,3.1667,0.0,0.0,0.8326461,Yerushalmi
11QtgJob_Job_Scroll,37,3,0.0,0.0,0.0,0.125,0.25,0.0,0.0,8.0,3.375,0.0,0.0,0.9452287,Yerushalmi
11QtgJob_Job_Scroll,37,4,0.0,0.0,0.0,0.2857,0.1429,0.0,0.0,7.0,4.0,0.0,0.0,0.8683044,Yerushalmi
11QtgJob_Job_Scroll,37,5,0.0,0.0,0.0,0.4286,0.2857,0.1429,0.0,7.0,4.0,0.0,0.0,0.5163834,Yerushalmi
11QtgJob_Job_Scroll,37,6,0.0,0.0,0.0,0.1667,0.0,0.0,0.0,6.0,3.8333,0.0,0.0,0.8672573,Yerushalmi
11QtgJob_Job_Scroll,37,7,0.0,0.0,0.0,0.3333,0.3333,0.1667,0.0,6.0,4.6667,0.0,0.0,0.49788293,Bavli
11QtgJob_Job_Scroll,37,8,0.0,0.0,0.0,0.2857,0.2857,0.2857,0.0,7.0,4.7143,0.0,0.0,0.3839945,Bavli
11QtgJob_Job_Scroll,37,9,0.0,0.0,0.0,0.5,0.0,0.0,0.0,1.0,4.0,0.0,0.0,0.5787857,Yerushalmi
11QtgJob_Job_Scroll,38,1,0.0,0.0,0.0,0.5,0.0,0.0,0.0,1.0,5.0,0.0,0.0,0.61855614,Yerushalmi
11QtgJob_Job_Scroll,38,2,0.0,0.0,0.0,0.4286,0.0,0.0,0.0,7.0,4.5714,0.0,0.0,0.7650177,Yerushalmi
11QtgJob_Job_Scroll,38,3,0.0,0.0,0.0,0.2857,0.2857,0.1429,0.0,7.0,5.1429,0.0,0.0,0.5381973,Yerushalmi
11QtgJob_Job_Scroll,38,4,0.0,0.0,0.0,0.3,0.0,0.0,0.0,10.0,3.7,0.0,0.0,0.9198288,Yerushalmi
11QtgJob_Job_Scroll,38,5,0.0,0.0,0.0,0.25,0.0,0.0,0.0,8.0,4.25,0.0,0.0,0.8807629,Yerushalmi
11QtgJob_Job_Scroll,38,6,0.0,0.0,0.0,0.25,0.0,0.0,0.0,8.0,3.75,0.0,0.0,0.8830949,Yerushalmi
11QtgJob_Job_Scroll,38,7,0.0,0.0,0.0,0.125,0.0,0.0,0.0,8.0,3.75,0.0,0.0,0.92147785,Yerushalmi
11QtgJob_Job_Scroll,38,8,0.0,0.0,0.0,0.2727,0.0,0.0,0.0,11.0,4.2727,0.0,0.0,0.93202096,Yerushalmi
1QapGen_Genesis_Apocryphon,1,1,0.0,0.0,0.0,0.0,0.0,0.0,0.0,5.0,7.4,0.0,0.0,0.43362674,Bavli
1QapGen_Genesis_Apocryphon,1,2,0.0,0.0,0.0,0.0,0.0,0.0,0.0,6.0,5.8333,0.0,0.0,0.75830305,Yerushalmi
1QapGen_Genesis_Apocryphon,1,3,0.0,0.0,0.0,0.25,0.0,0.0,0.0,4.0,10.0,0.0,0.0,0.38955435,Bavli
1QapGen_Genesis_Apocryphon,1,4,0.0,0.0,0.0,0.0,0.0,0.0,0.0,5.0,9.8,0.0,0.0,0.26134306,Bavli
1QapGen_Genesis_Apocryphon,1,5,0.0,0.0,0.0,0.0,0.0,0.0,0.0,4.0,9.25,0.0,0.0,0.30867746,Bavli
1QapGen_Genesis_Apocryphon,1,6,0.0,0.0,0.0,0.5,0.0,0.0,0.0,3.0,12.0,0.0,0.0,0.44554922,Bavli
1QapGen_Genesis_Apocryphon,1,7,0.0,0.0,0.0,0.0,0.0,0.0,0.0,5.0,8.6,0.0,0.0,0.3194775,Bavli
1QapGen_Genesis_Apocryphon,1,8,0.0,0.0,0.0,0.0,0.0,0.0,0.0,4.0,12.75,0.0,0.0,0.29641265,Bavli
1QapGen_Genesis_Apocryphon,1,9,0.0,0.0,0.0,0.5,0.0,0.0,0.0,3.0,14.6667,0.0,0.0,0.41808635,Bavli
1QapGen_Genesis_Apocryphon,1,10,0.0,0.0,0.0,0.0,0.0,0.0,0.0,6.0,7.5,0.0,0.0,0.41199642,Bavli
1QapGen_Genesis_Apocryphon,1,11,0.0,0.0,0.0,0.0,0.0,0.0,0.0,5.0,9.2,0.0,0.0,0.284443,Bavli
1QapGen_Genesis_Apocryphon,1,12,0.0,0.0,0.0,0.0,1.0,1.0,0.0,4.0,12.5,0.0,0.0,0.32547796,Bavli
1QapGen_Genesis_Apocryphon,1,13,0.0,0.0,0.0,0.5,0.0,0.0,0.0,3.0,16.3333,0.0,0.0,0.40521044,Bavli
1QapGen_Genesis_Apocryphon,1,18,0.0,0.0,0.0,0.5,0.0,0.0,0.0,2.0,27.5,0.0,0.0,0.38308975,Bavli
1QapGen_Genesis_Apocryphon,1,21,0.0,0.0,0.0,0.0,0.0,0.0,0.0,4.0,12.0,0.0,0.0,0.28638825,Bavli
1QapGen_Genesis_Apocryphon,1,24,0.0,0.0,0.0,0.2,0.0,0.0,0.0,5.0,9.4,0.0,0.0,0.3309055,Bavli
1QapGen_Genesis_Apocryphon,1,25,0.0,0.0,0.0,0.2,0.0,0.0,0.0,5.0,9.4,0.0,0.0,0.3309055,Bavli
1QapGen_Genesis_Apocryphon,1,26,0.0,0.0,0.0,0.0,0.0,0.0,0.0,5.0,10.0,0.0,0.0,0.25593445,Bavli
1QapGen_Genesis_Apocryphon,1,27,0.0,0.0,0.0,0.0,0.1667,0.0,0.0,6.0,9.0,0.0,0.0,0.24537113,Bavli
1QapGen_Genesis_Apocryphon,1,28,0.0,0.0,0.0,0.0,0.1667,0.0,0.0,6.0,8.0,0.0,0.0,0.33879188,Bavli
1QapGen_Genesis_Apocryphon,2,1,0.0,0.0,0.0,0.25,0.0,0.0,0.0,12.0,5.75,0.0,0.0,0.71996814,Yerushalmi
1QapGen_Genesis_Apocryphon,2,2,0.0,0.0,0.0,0.1429,0.0,0.0,0.0,7.0,3.7143,0.0,0.0,0.895817,Yerushalmi
1QapGen_Genesis_Apocryphon,2,3,0.0,0.0,0.0,0.2,0.0,0.0,0.0,10.0,4.9,0.0,0.0,0.87974524,Yerushalmi
1QapGen_Genesis_Apocryphon,2,4,0.0,0.0,0.0,0.3333,0.0,0.0,0.0,12.0,5.0,0.0,0.0,0.8609151,Yerushalmi
1QapGen_Genesis_Apocryphon,2,5,0.0,0.0,0.0,0.1,0.0,0.0,0.0,10.0,4.1,0.0,0.0,0.95293456,Yerushalmi
1QapGen_Genesis_Apocryphon,2,6,0.0,0.0,0.0,0.5,0.0,0.0,0.0,6.0,5.5,0.0,0.0,0.61690974,Yerushalmi
1QapGen_Genesis_Apocryphon,2,7,0.0,0.0,0.0,0.4,0.0,0.0,0.0,10.0,4.2,0.0,0.0,0.8916106,Yerushalmi
1QapGen_Genesis_Apocryphon,2,8,0.0,0.0,0.0,0.125,0.0,0.0,0.0,8.0,4.75,0.0,0.0,0.89061123,Yerushalmi
1QapGen_Genesis_Apocryphon,2,9,0.0,0.0,0.0,0.2222,0.0,0.0,0.0,9.0,4.0,0.0,0.0,0.91657597,Yerushalmi
1QapGen_Genesis_Apocryphon,2,10,0.0,0.0,0.0,0.3636,0.0,0.0,0.0,11.0,6.2727,0.0,0.0,0.56054586,Yerushalmi
1QapGen_Genesis_Apocryphon,2,11,0.0,0.0,0.0,0.1429,0.0,0.0,0.0,7.0,4.2857,0.0,0.0,0.89318424,Yerushalmi
1QapGen_Genesis_Apocryphon,2,12,0.0,0.0,0.0,0.1111,0.2222,0.2222,0.0,9.0,4.4444,0.0,0.0,0.65887296,Yerushalmi
1QapGen_Genesis_Apocryphon,2,13,0.0,0.0,0.0,0.1667,0.0,0.0,0.0,12.0,4.0,0.0,0.0,0.9634826,Yerushalmi
1QapGen_Genesis_Apocryphon,2,14,0.0,0.0,0.0,0.2222,0.0,0.0,0.0,9.0,4.7778,0.0,0.0,0.87203264,Yerushalmi
1QapGen_Genesis_Apocryphon,2,15,0.0,0.0,0.0,0.0909,0.0,0.0,0.0,11.0,3.5455,0.0,0.0,0.96695,Yerushalmi
1QapGen_Genesis_Apocryphon,2,16,0.0,0.0,0.0,0.0714,0.0,0.0,0.0,14.0,3.0,0.0,0.0,0.98226887,Yerushalmi
1QapGen_Genesis_Apocryphon,2,17,0.0,0.0,0.0,0.2222,0.0,0.0,0.0,9.0,4.1111,0.0,0.0,0.9148638,Yerushalmi
1QapGen_Genesis_Apocryphon,2,18,0.0,0.0,0.0,0.25,0.0,0.0,0.0,4.0,4.0,0.0,0.0,0.78099436,Yerushalmi
1QapGen_Genesis_Apocryphon,2,19,0.0,0.0,0.0,0.0909,0.0,0.0,0.0,11.0,4.1818,0.0,0.0,0.9607714,Yerushalmi
1QapGen_Genesis_Apocryphon,2,20,0.0,0.0,0.0,0.1667,0.1667,0.0,0.0,12.0,4.6667,0.0,0.0,0.948206,Yerushalmi
1QapGen_Genesis_Apocryphon,2,21,0.0,0.0,0.0,0.1,0.0,0.0,0.0,10.0,4.0,0.0,0.0,0.9545505,Yerushalmi
1QapGen_Genesis_Apocryphon,2,22,0.0,0.0,0.0,0.125,0.25,0.0,0.0,8.0,5.0,0.0,0.0,0.9049835,Yerushalmi
1QapGen_Genesis_Apocryphon,2,23,0.0,0.0,0.0,0.2,0.0,0.0,0.0,10.0,4.5,0.0,0.0,0.9199128,Yerushalmi
1QapGen_Genesis_Apocryphon,2,24,0.0,0.0,0.0,0.0769,0.0,0.0,0.0,13.0,4.6154,0.0,0.0,0.9549186,Yerushalmi
1QapGen_Genesis_Apocryphon,2,25,0.0,0.0,0.0,0.0909,0.0909,0.0,0.0,11.0,5.5455,0.0,0.0,0.8212786,Yerushalmi
1QapGen_Genesis_Apocryphon,2,26,0.0,0.0,0.0,0.5,0.0,0.0,0.0,3.0,4.3333,0.0,0.0,0.6418783,Yerushalmi
1QapGen_Genesis_Apocryphon,3,2,0.0,0.0,0.0,0.2,0.0,0.0,0.0,5.0,8.4,0.0,0.0,0.35829607,Bavli
1QapGen_Genesis_Apocryphon,3,3,0.0,0.0,0.0,0.25,0.0,0.0,0.0,4.0,8.25,0.0,0.0,0.41148084,Bavli
1QapGen_Genesis_Apocryphon,3,4,0.0,0.0,0.0,0.5,0.0,0.0,0.0,3.0,11.0,0.0,0.0,0.45999214,Bavli
1QapGen_Genesis_Apocryphon,3,6,0.0,0.0,0.0,0.5,0.0,0.0,0.0,2.0,14.5,0.0,0.0,0.45497018,Bavli
1QapGen_Genesis_Apocryphon,3,7,0.0,0.0,0.0,0.5,0.0,0.0,0.0,3.0,12.3333,0.0,0.0,0.44135547,Bavli
1QapGen_Genesis_Apocryphon,3,9,0.0,0.0,0.0,0.0,0.0,0.0,0.0,4.0,10.25,0.0,0.0,0.28436068,Bavli
1QapGen_Genesis_Apocryphon,3,10,0.0,0.0,0.0,0.0,0.0,0.0,0.0,5.0,9.6,0.0,0.0,0.26784325,Bavli
1QapGen_Genesis_Apocryphon,3,11,0.0,0.0,0.0,0.0,0.0,0.0,0.0,5.0,10.4,0.0,0.0,0.24807253,Bavli
1QapGen_Genesis_Apocryphon,3,12,0.0,0.0,0.0,0.2,0.0,0.0,0.0,5.0,7.2,0.0,0.0,0.4297877,Bavli
1QapGen_Genesis_Apocryphon,3,13,0.0,0.0,0.0,0.3333,0.0,0.0,0.0,6.0,8.1667,0.0,0.0,0.37266773,Bavli
1QapGen_Genesis_Apocryphon,3,17,0.0,0.0,0.0,0.0,0.0,0.0,0.0,5.0,7.8,0.0,0.0,0.3879285,Bavli
1QapGen_Genesis_Apocryphon,3,24,0.0,0.0,0.0,0.5,0.0,0.0,0.0,3.0,15.6667,0.0,0.0,0.4101286,Bavli
1QapGen_Genesis_Apocryphon,4,1,0.0,0.0,0.0,0.0,0.0,0.0,0.0,4.0,5.5,0.0,0.0,0.81515896,Yerushalmi
1QapGen_Genesis_Apocryphon,4,2,0.0,0.0,0.0,0.5,0.0,0.0,0.0,1.0,6.0,0.0,0.0,0.5995316,Yerushalmi
1QapGen_Genesis_Apocryphon,4,3,0.0,0.0,0.0,0.2,0.0,0.0,0.0,5.0,6.2,0.0,0.0,0.54833096,Yerushalmi
1QapGen_Genesis_Apocryphon,4,11,0.0,0.0,0.0,0.0,0.5,0.3333,0.0,6.0,4.5,0.0,0.0,0.5315877,Yerushalmi
1QapGen_Genesis_Apocryphon,4,12,0.0,0.0,0.0,0.0,0.4,0.4,0.0,5.0,4.4,0.0,0.0,0.39834562,Bavli
1QapGen_Genesis_Apocryphon,4,14,0.0,0.0,0.0,0.5,0.0,0.0,0.0,1.0,6.0,0.0,0.0,0.5995316,Yerushalmi
1QapGen_Genesis_Apocryphon,5,1,0.0,0.0,0.0,0.5,0.0,0.0,0.0,2.0,3.5,0.0,0.0,0.5315695,Yerushalmi
1QapGen_Genesis_Apocryphon,5,2,0.0,0.0,0.0,0.0,0.0,0.0,0.0,10.0,5.1,0.0,0.0,0.9130859,Yerushalmi
1QapGen_Genesis_Apocryphon,5,3,0.0,0.0,0.0,0.1111,0.0,0.0,0.0,9.0,3.6667,0.0,0.0,0.9409159,Yerushalmi
1QapGen_Genesis_Apocryphon,5,4,0.0,0.0,0.0,0.0,0.0,0.0,0.0,6.0,3.5,0.0,0.0,0.9253809,Yerushalmi
1QapGen_Genesis_Apocryphon,5,5,0.0,0.0,0.0,0.2,0.0,0.0,0.0,5.0,7.4,0.0,0.0,0.41419134,Bavli
1QapGen_Genesis_Apocryphon,5,6,0.0,0.0,0.0,0.5,0.0,0.0,0.0,3.0,9.3333,0.0,0.0,0.4903776,Bavli
1QapGen_Genesis_Apocryphon,5,7,0.0,0.0,0.0,0.0,0.0,0.0,0.0,5.0,7.6,0.0,0.0,0.40961033,Bavli
1QapGen_Genesis_Apocryphon,5,8,0.0,0.0,0.0,0.2,0.0,0.0,0.0,5.0,10.0,0.0,0.0,0.32466972,Bavli
1QapGen_Genesis_Apocryphon,5,9,0.0,0.0,0.0,0.1429,0.0,0.0,0.0,14.0,4.5714,0.0,0.0,0.95298934,Yerushalmi
1QapGen_Genesis_Apocryphon,5,10,0.0,0.0,0.0,0.0,0.0,0.0,0.0,8.0,6.25,0.0,0.0,0.6456195,Yerushalmi
1QapGen_Genesis_Apocryphon,5,11,0.0,0.0,0.0,0.6,0.0,0.0,0.0,5.0,9.8,0.0,0.0,0.39884445,Bavli
1QapGen_Genesis_Apocryphon,5,12,0.0,0.0,0.0,0.2857,0.0,0.0,0.0,7.0,8.5714,0.0,0.0,0.30904335,Bavli
1QapGen_Genesis_Apocryphon,5,13,0.0,0.0,0.0,0.1667,0.0,0.0,0.0,6.0,8.8333,0.0,0.0,0.30003375,Bavli
1QapGen_Genesis_Apocryphon,5,16,0.0,0.0,0.0,0.2,0.0,0.0,0.0,5.0,12.8,0.0,0.0,0.33567187,Bavli
1QapGen_Genesis_Apocryphon,5,17,0.0,0.0,0.0,0.5,0.0,0.0,0.0,3.0,5.0,0.0,0.0,0.62922645,Yerushalmi
1QapGen_Genesis_Apocryphon,5,18,0.0,0.0,0.0,0.0,0.2857,0.0,0.0,7.0,4.0,0.0,0.0,0.96760684,Yerushalmi
1QapGen_Genesis_Apocryphon,5,19,0.0,0.0,0.0,0.5,0.0,0.0,0.0,3.0,5.6667,0.0,0.0,0.5904616,Yerushalmi
1QapGen_Genesis_Apocryphon,5,20,0.0,0.0,0.0,0.2857,0.0,0.0,0.0,7.0,4.1429,0.0,0.0,0.8440755,Yerushalmi
1QapGen_Genesis_Apocryphon,5,21,0.0,0.0,0.0,0.2,0.0,0.0,0.0,5.0,4.8,0.0,0.0,0.8009208,Yerushalmi
1QapGen_Genesis_Apocryphon,5,22,0.0,0.0,0.0,0.2,0.0,0.0,0.0,5.0,4.4,0.0,0.0,0.8271156,Yerushalmi
1QapGen_Genesis_Apocryphon,5,23,0.0,0.0,0.0,0.0,0.0,0.0,0.0,4.0,5.25,0.0,0.0,0.84723234,Yerushalmi
1QapGen_Genesis_Apocryphon,5,24,0.0,0.0,0.0,0.25,0.0,0.0,0.0,4.0,4.5,0.0,0.0,0.77806616,Yerushalmi
1QapGen_Genesis_Apocryphon,5,25,0.0,0.0,0.0,0.3333,0.0,0.0,0.0,6.0,3.1667,0.0,0.0,0.71970105,Yerushalmi
1QapGen_Genesis_Apocryphon,5,26,0.0,0.0,0.0,0.2,0.0,0.0,0.0,5.0,5.0,0.0,0.0,0.7778003,Yerushalmi
1QapGen_Genesis_Apocryphon,5,27,0.0,0.0,0.0,0.0,0.3333,0.3333,0.0,6.0,3.3333,0.0,0.0,0.35645583,Bavli
1QapGen_Genesis_Apocryphon,5,28,0.0,0.0,0.0,0.5,0.0,0.0,0.0,1.0,3.0,0.0,0.0,0.42503202,Bavli
1QapGen_Genesis_Apocryphon,5,29,0.0,0.0,0.0,0.0,0.0,0.0,0.0,5.0,4.0,0.0,0.0,0.91552454,Yerushalmi
1QapGen_Genesis_Apocryphon,6,1,0.0,0.0,0.0,0.0769,0.0,0.0,0.0,13.0,3.8462,0.0,0.0,0.9774248,Yerushalmi
1QapGen_Genesis_Apocryphon,6,2,0.0,0.0,0.0,0.25,0.1667,0.0,0.0,12.0,4.6667,0.0,0.0,0.93383396,Yerushalmi
1QapGen_Genesis_Apocryphon,6,3,0.0,0.0,0.0,0.1818,0.0,0.0,0.0,11.0,5.6364,0.0,0.0,0.74714935,Yerushalmi
1QapGen_Genesis_Apocryphon,6,4,0.0,0.0,0.0,0.3333,0.0,0.0,0.0,9.0,7.3333,0.0,0.0,0.36729988,Bavli
1QapGen_Genesis_Apocryphon,6,5,0.0,0.0,0.0,0.0,0.0,0.0,0.0,4.0,6.75,0.0,0.0,0.53614545,Yerushalmi
1QapGen_Genesis_Apocryphon,6,6,0.0,0.0,0.0,0.2727,0.3636,0.3636,0.0,11.0,4.6364,0.0,0.0,0.37533736,Bavli
1QapGen_Genesis_Apocryphon,6,7,0.0,0.0,0.0,0.2143,0.0,0.0,0.0,14.0,4.0714,0.0,0.0,0.96707124,Yerushalmi
1QapGen_Genesis_Apocryphon,6,8,0.0,0.0,0.0,0.1333,0.0,0.0,0.0,15.0,4.1333,0.0,0.0,0.9740126,Yerushalmi
1QapGen_Genesis_Apocryphon,6,9,0.0,0.0,0.0,0.0833,0.0,0.0,0.0,12.0,4.1667,0.0,0.0,0.96772647,Yerushalmi
1QapGen_Genesis_Apocryphon,6,10,0.0,0.0,0.0,0.0,0.0,0.0,0.0,12.0,4.8333,0.0,0.0,0.9470396,Yerushalmi
1QapGen_Genesis_Apocryphon,6,11,0.0,0.0,0.0,0.2727,0.3636,0.1818,0.0,11.0,6.1818,0.0,0.0,0.40578783,Bavli
1QapGen_Genesis_Apocryphon,6,12,0.0,0.0,0.0,0.2727,0.0,0.0,0.0,11.0,4.3636,0.0,0.0,0.92725945,Yerushalmi
1QapGen_Genesis_Apocryphon,6,13,0.0,0.0,0.0,0.3,0.0,0.0,0.0,10.0,5.1,0.0,0.0,0.8165021,Yerushalmi
1QapGen_Genesis_Apocryphon,6,14,0.0,0.0,0.0,0.25,0.5,0.5,0.0,8.0,4.625,0.0,0.0,0.273387,Bavli
1QapGen_Genesis_Apocryphon,6,15,0.0,0.0,0.0,0.0,0.0,0.0,0.0,10.0,4.1,0.0,0.0,0.9658133,Yerushalmi
1QapGen_Genesis_Apocryphon,6,16,0.0,0.0,0.0,0.0909,0.3636,0.1818,0.0,11.0,5.7273,0.0,0.0,0.54746616,Yerushalmi
1QapGen_Genesis_Apocryphon,6,17,0.0,0.0,0.0,0.3333,0.0,0.0,0.0,6.0,11.6667,0.0,0.0,0.32241714,Bavli
1QapGen_Genesis_Apocryphon,6,18,0.0,0.0,0.0,0.1667,0.0,0.0,0.0,6.0,5.5,0.0,0.0,0.71896595,Yerushalmi
1QapGen_Genesis_Apocryphon,6,19,0.0,0.0,0.0,0.0769,0.0,0.0,0.0,13.0,4.3077,0.0,0.0,0.96848387,Yerushalmi
1QapGen_Genesis_Apocryphon,6,20,0.0,0.0,0.0,0.0,0.0,0.0,0.0,6.0,3.8333,0.0,0.0,0.92772377,Yerushalmi
1QapGen_Genesis_Apocryphon,6,21,0.0,0.0,0.0,0.0,0.0,0.0,0.0,5.0,6.8,0.0,0.0,0.5259248,Yerushalmi
1QapGen_Genesis_Apocryphon,6,23,0.0,0.0,0.0,0.2857,0.0,0.0,0.0,7.0,5.4286,0.0,0.0,0.68576956,Yerushalmi
1QapGen_Genesis_Apocryphon,6,24,0.0,0.0,0.0,0.0,0.0,0.0,0.0,5.0,5.2,0.0,0.0,0.86013865,Yerushalmi
1QapGen_Genesis_Apocryphon,6,25,0.0,0.0,0.0,0.0,0.0,0.0,0.0,6.0,5.3333,0.0,0.0,0.85318255,Yerushalmi
1QapGen_Genesis_Apocryphon,6,26,0.0,0.0,0.0,0.3333,0.0,0.0,0.0,6.0,6.5,0.0,0.0,0.49145204,Bavli
1QapGen_Genesis_Apocryphon,7,1,0.0,0.0,0.0,0.3333,0.0,0.0,0.0,9.0,4.7778,0.0,0.0,0.83452135,Yerushalmi
1QapGen_Genesis_Apocryphon,7,2,0.0,0.0,0.0,0.2,0.0,0.0,0.0,10.0,5.1,0.0,0.0,0.8478073,Yerushalmi
1QapGen_Genesis_Apocryphon,7,3,0.0,0.0,0.0,0.25,0.0,0.0,0.0,4.0,5.75,0.0,0.0,0.6109241,Yerushalmi
1QapGen_Genesis_Apocryphon,7,4,0.0,0.0,0.0,0.5,0.0,0.0,0.0,3.0,6.6667,0.0,0.0,0.55225354,Yerushalmi
1QapGen_Genesis_Apocryphon,7,5,0.0,0.0,0.0,0.1667,0.0,0.0,0.0,6.0,3.3333,0.0,0.0,0.8456599,Yerushalmi
1QapGen_Genesis_Apocryphon,7,6,0.0,0.0,0.0,0.5,0.0,0.0,0.0,2.0,11.0,0.0,0.0,0.5020306,Yerushalmi
1QapGen_Genesis_Apocryphon,7,7,0.0,0.0,0.0,0.2222,0.0,0.0,0.0,9.0,4.4444,0.0,0.0,0.9015565,Yerushalmi
1QapGen_Genesis_Apocryphon,7,8,0.0,0.0,0.0,0.0,0.0,0.0,0.0,8.0,3.75,0.0,0.0,0.9508661,Yerushalmi
1QapGen_Genesis_Apocryphon,7,9,0.0,0.0,0.0,0.0,0.0,0.0,0.0,4.0,11.75,0.0,0.0,0.2838239,Bavli
1QapGen_Genesis_Apocryphon,7,10,0.0,0.0,0.0,0.0,0.0,0.0,0.0,4.0,15.25,0.0,0.0,0.32925823,Bavli
1QapGen_Genesis_Apocryphon,7,18,0.0,0.0,0.0,0.5,0.0,0.0,0.0,3.0,16.6667,0.0,0.0,0.4028481,Bavli
1QapGen_Genesis_Apocryphon,7,19,0.0,0.0,0.0,0.3333,0.0,0.0,0.0,6.0,5.6667,0.0,0.0,0.607065,Yerushalmi
1QapGen_Genesis_Apocryphon,7,20,0.0,0.0,0.0,0.5,0.0,0.0,0.0,3.0,6.6667,0.0,0.0,0.55225354,Yerushalmi
1QapGen_Genesis_Apocryphon,7,21,0.0,0.0,0.0,0.5,0.0,0.0,0.0,3.0,4.6667,0.0,0.0,0.6426978,Yerushalmi
1QapGen_Genesis_Apocryphon,7,22,0.0,0.0,0.0,0.0,0.0,0.0,0.0,5.0,6.4,0.0,0.0,0.6122484,Yerushalmi
1QapGen_Genesis_Apocryphon,7,23,0.0,0.0,0.0,0.25,0.0,0.0,0.0,4.0,11.25,0.0,0.0,0.38806713,Bavli
1QapGen_Genesis_Apocryphon,8,1,0.0,0.0,0.0,0.0,0.0,0.0,0.0,6.0,4.5,0.0,0.0,0.91627246,Yerushalmi
1QapGen_Genesis_Apocryphon,8,4,0.0,0.0,0.0,0.5,0.0,0.0,0.0,1.0,4.0,0.0,0.0,0.5787857,Yerushalmi
1QapGen_Genesis_Apocryphon,8,9,0.0,0.0,0.0,0.5,0.0,0.0,0.0,2.0,5.5,0.0,0.0,0.6026482,Yerushalmi
1QapGen_Genesis_Apocryphon,10,1,0.0,0.0,0.0,0.0,0.0,0.0,0.0,11.0,4.0,0.0,0.0,0.97306097,Yerushalmi
1QapGen_Genesis_Apocryphon,10,2,0.0,0.0,0.0,0.1,0.0,0.0,0.0,10.0,3.5,0.0,0.0,0.9552281,Yerushalmi
1QapGen_Genesis_Apocryphon,10,3,0.0,0.0,0.0,0.1667,0.0,0.0,0.0,6.0,3.6667,0.0,0.0,0.862885,Yerushalmi
1QapGen_Genesis_Apocryphon,10,8,0.0,0.0,0.0,0.25,0.0,0.0,0.0,8.0,4.125,0.0,0.0,0.8841423,Yerushalmi
1QapGen_Genesis_Apocryphon,10,9,0.0,0.0,0.0,0.0,0.0,0.0,0.0,11.0,4.2727,0.0,0.0,0.9680006,Yerushalmi
1QapGen_Genesis_Apocryphon,10,10,0.0,0.0,0.0,0.1111,0.0,0.0,0.0,9.0,4.5556,0.0,0.0,0.92300177,Yerushalmi
1QapGen_Genesis_Apocryphon,10,11,0.0,0.0,0.0,0.0,0.0,0.0,0.0,8.0,4.5,0.0,0.0,0.938612,Yerushalmi
1QapGen_Genesis_Apocryphon,10,12,0.0,0.0,0.0,0.0769,0.0,0.0,0.0,13.0,4.8462,0.0,0.0,0.93731,Yerushalmi
1QapGen_Genesis_Apocryphon,10,13,0.0,0.0,0.0,0.0833,0.0,0.0,0.0,12.0,4.75,0.0,0.0,0.9403178,Yerushalmi
1QapGen_Genesis_Apocryphon,10,14,0.0,0.0,0.0,0.2143,0.0,0.0,0.0,14.0,4.4286,0.0,0.0,0.9530784,Yerushalmi
1QapGen_Genesis_Apocryphon,10,15,0.0,0.0,0.0,0.1333,0.0,0.0,0.0,15.0,6.0667,0.0,0.0,0.70203406,Yerushalmi
1QapGen_Genesis_Apocryphon,10,16,0.0,0.0,0.0,0.0714,0.0,0.0,0.0,14.0,4.9286,0.0,0.0,0.9332926,Yerushalmi
1QapGen_Genesis_Apocryphon,10,17,0.0,0.0,0.0,0.1818,0.0,0.0,0.0,11.0,5.1818,0.0,0.0,0.8510647,Yerushalmi
1QapGen_Genesis_Apocryphon,10,18,0.0,0.0,0.0,0.0,0.0,0.0,0.0,5.0,5.6,0.0,0.0,0.8032231,Yerushalmi
1QapGen_Genesis_Apocryphon,11,1,0.0,0.0,0.0,0.2222,0.0,0.0,0.0,9.0,5.4444,0.0,0.0,0.7500176,Yerushalmi
1QapGen_Genesis_Apocryphon,11,5,0.0,0.0,0.0,0.0,0.0,0.0,0.0,6.0,6.1667,0.0,0.0,0.67217684,Yerushalmi
1QapGen_Genesis_Apocryphon,11,9,0.0,0.0,0.0,0.1111,0.0,0.0,0.0,9.0,6.7778,0.0,0.0,0.46737796,Bavli
1QapGen_Genesis_Apocryphon,11,10,0.0,0.0,0.0,0.5,0.0,0.0,0.0,3.0,8.0,0.0,0.0,0.5188197,Yerushalmi
1QapGen_Genesis_Apocryphon,11,11,0.0,0.0,0.0,0.2727,0.1818,0.0,0.0,11.0,5.7273,0.0,0.0,0.7386892,Yerushalmi
1QapGen_Genesis_Apocryphon,11,12,0.0,0.0,0.0,0.3333,0.0,0.0,0.0,15.0,4.5333,0.0,0.0,0.9356093,Yerushalmi
1QapGen_Genesis_Apocryphon,11,13,0.0,0.0,0.0,0.1667,0.2222,0.0556,0.0,18.0,4.0,0.0,0.0,0.96694297,Yerushalmi
1QapGen_Genesis_Apocryphon,11,14,0.0,0.0,0.0,0.2143,0.0714,0.0,0.0,14.0,4.7143,0.0,0.0,0.93833953,Yerushalmi
1QapGen_Genesis_Apocryphon,11,15,0.0,0.0,0.0,0.1,0.1,0.1,0.0,20.0,3.85,0.0,0.0,0.95117915,Yerushalmi
1QapGen_Genesis_Apocryphon,11,16,0.0,0.0,0.0,0.3333,0.0,0.0,0.0,12.0,5.25,0.0,0.0,0.81868184,Yerushalmi
1QapGen_Genesis_Apocryphon,11,17,0.0,0.0,0.0,0.25,0.0,0.0,0.0,16.0,4.5625,0.0,0.0,0.94531786,Yerushalmi
1QapGen_Genesis_Apocryphon,11,18,0.0,0.0,0.0,0.5,0.0,0.0,0.0,3.0,16.6667,0.0,0.0,0.4028481,Bavli
1QapGen_Genesis_Apocryphon,11,19,0.0,0.0,0.0,0.0,0.0,0.0,0.0,7.0,8.2857,0.0,0.0,0.3081514,Bavli
1QapGen_Genesis_Apocryphon,12,1,0.0,0.0,0.0,0.1333,0.0,0.0,0.0,15.0,4.8,0.0,0.0,0.939301,Yerushalmi
1QapGen_Genesis_Apocryphon,12,2,0.0,0.0,0.0,0.0,0.0,0.0,0.0,9.0,4.6667,0.0,0.0,0.94084877,Yerushalmi
1QapGen_Genesis_Apocryphon,12,3,0.0,0.0,0.0,0.0,0.1667,0.1667,0.0,12.0,4.4167,0.0,0.0,0.87510556,Yerushalmi
1QapGen_Genesis_Apocryphon,12,4,0.0,0.0,0.0,0.0,0.0,0.0,0.0,10.0,4.5,0.0,0.0,0.95543134,Yerushalmi
1QapGen_Genesis_Apocryphon,12,5,0.0,0.0,0.0,0.0,0.0,0.0,0.0,5.0,4.4,0.0,0.0,0.9085804,Yerushalmi
1QapGen_Genesis_Apocryphon,12,6,0.0,0.0,0.0,0.5,0.0,0.0,0.0,2.0,5.0,0.0,0.0,0.62319374,Yerushalmi
1QapGen_Genesis_Apocryphon,12,7,0.0,0.0,0.0,0.5,0.0,0.0,0.0,2.0,10.0,0.0,0.0,0.5199069,Yerushalmi
1QapGen_Genesis_Apocryphon,12,8,0.0,0.0,0.0,0.1429,0.0,0.0,0.0,14.0,5.2143,0.0,0.0,0.880497,Yerushalmi
1QapGen_Genesis_Apocryphon,12,9,0.0,0.0,0.0,0.1538,0.0,0.0,0.0,13.0,5.0769,0.0,0.0,0.8938081,Yerushalmi
1QapGen_Genesis_Apocryphon,12,10,0.0,0.0,0.0,0.0588,0.0,0.0,0.0,17.0,4.2941,0.0,0.0,0.9764256,Yerushalmi
1QapGen_Genesis_Apocryphon,12,11,0.0,0.0,0.0,0.125,0.0,0.0,0.0,16.0,4.5625,0.0,0.0,0.9591991,Yerushalmi
1QapGen_Genesis_Apocryphon,12,12,0.0,0.0,0.0,0.125,0.0,0.0,0.0,16.0,4.1875,0.0,0.0,0.9743936,Yerushalmi
1QapGen_Genesis_Apocryphon,12,13,0.0,0.0,0.0,0.3125,0.0625,0.0,0.0,16.0,4.1875,0.0,0.0,0.96116614,Yerushalmi
1QapGen_Genesis_Apocryphon,12,14,0.0,0.0,0.0,0.2,0.0,0.0,0.0,15.0,4.2667,0.0,0.0,0.9645958,Yerushalmi
1QapGen_Genesis_Apocryphon,12,15,0.0,0.0,0.0,0.1538,0.0,0.0,0.0,13.0,4.6923,0.0,0.0,0.9388843,Yerushalmi
1QapGen_Genesis_Apocryphon,12,16,0.0,0.0,0.0,0.375,0.0,0.0,0.0,16.0,4.6875,0.0,0.0,0.92286605,Yerushalmi
1QapGen_Genesis_Apocryphon,12,17,0.0,0.0,0.0,0.0667,0.0,0.0,0.0,15.0,4.4,0.0,0.0,0.9709383,Yerushalmi
1QapGen_Genesis_Apocryphon,12,18,0.0,0.0,0.0,0.125,0.0,0.0,0.0,8.0,5.625,0.0,0.0,0.73876977,Yerushalmi
1QapGen_Genesis_Apocryphon,12,19,0.0,0.0,0.0,0.25,0.0,0.0,0.0,8.0,7.75,0.0,0.0,0.33021763,Bavli
1QapGen_Genesis_Apocryphon,12,21,0.0,0.0,0.0,0.5,0.0,0.0,0.0,2.0,23.0,0.0,0.0,0.39558038,Bavli
1QapGen_Genesis_Apocryphon,12,27,0.0,0.0,0.0,0.0,0.0,0.0,0.0,5.0,5.6,0.0,0.0,0.8032231,Yerushalmi
1QapGen_Genesis_Apocryphon,13,3,0.0,0.0,0.0,0.0,0.0,0.0,0.0,5.0,10.2,0.0,0.0,0.25153676,Bavli
1QapGen_Genesis_Apocryphon,13,7,0.0,0.0,0.0,0.5,0.0,0.0,0.0,3.0,19.0,0.0,0.0,0.38799417,Bavli
1QapGen_Genesis_Apocryphon,13,8,0.0,0.0,0.0,0.25,0.1667,0.0,0.0,12.0,6.8333,0.0,0.0,0.4681755,Bavli
1QapGen_Genesis_Apocryphon,13,9,0.0,0.0,0.0,0.0,0.2857,0.2857,0.0,14.0,5.4286,0.0,0.0,0.5408492,Yerushalmi
1QapGen_Genesis_Apocryphon,13,10,0.0,0.0,0.0,0.0,0.3077,0.3077,0.0,13.0,5.4615,0.0,0.0,0.5052014,Yerushalmi
1QapGen_Genesis_Apocryphon,13,11,0.0,0.0,0.0,0.0,0.25,0.25,0.0,16.0,4.0,0.0,0.0,0.822173,Yerushalmi
1QapGen_Genesis_Apocryphon,13,12,0.0,0.0,0.0,0.5,0.0,0.0,0.0,3.0,4.3333,0.0,0.0,0.6418783,Yerushalmi
1QapGen_Genesis_Apocryphon,13,13,0.0,0.0,0.0,0.0,0.0,0.0,0.0,14.0,4.7857,0.0,0.0,0.956103,Yerushalmi
1QapGen_Genesis_Apocryphon,13,14,0.0,0.0,0.0,0.0,0.4,0.2667,0.0,15.0,4.8667,0.0,0.0,0.70230734,Yerushalmi
1QapGen_Genesis_Apocryphon,13,15,0.0,0.0,0.0,0.0,0.0,0.0,0.0,15.0,5.4,0.0,0.0,0.88167584,Yerushalmi
1QapGen_Genesis_Apocryphon,13,16,0.0,0.0,0.0,0.0,0.0,0.0,0.0,16.0,4.6875,0.0,0.0,0.9650096,Yerushalmi
1QapGen_Genesis_Apocryphon,13,17,0.0,0.0,0.0,0.0,0.0,0.0,0.0,15.0,4.9333,0.0,0.0,0.94621223,Yerushalmi
1QapGen_Genesis_Apocryphon,13,18,0.0,0.0,0.0,0.0,0.0,0.0,0.0,6.0,6.6667,0.0,0.0,0.55073917,Yerushalmi
1QapGen_Genesis_Apocryphon,13,19,0.0,0.0,0.0,0.0,0.0,0.0,0.0,4.0,7.25,0.0,0.0,0.4570532,Bavli
1QapGen_Genesis_Apocryphon,13,20,0.0,0.0,0.0,0.5,0.0,0.0,0.0,2.0,10.5,0.0,0.0,0.51077986,Yerushalmi
1QapGen_Genesis_Apocryphon,14,4,0.0,0.0,0.0,0.0,0.5,0.5,0.0,8.0,7.875,0.0,0.0,0.35518974,Bavli
1QapGen_Genesis_Apocryphon,14,5,0.0,0.0,0.0,0.5,0.0,0.0,0.0,3.0,14.0,0.0,0.0,0.42390415,Bavli
1QapGen_Genesis_Apocryphon,14,6,0.0,0.0,0.0,0.0,0.0,0.0,0.0,9.0,7.5556,0.0,0.0,0.36293775,Bavli
1QapGen_Genesis_Apocryphon,14,7,0.0,0.0,0.0,0.0,0.5,0.0,0.0,4.0,11.75,0.0,0.0,0.15340023,Bavli
1QapGen_Genesis_Apocryphon,14,8,0.0,0.0,0.0,0.0,0.0,0.0,0.0,7.0,4.8571,0.0,0.0,0.9100498,Yerushalmi
1QapGen_Genesis_Apocryphon,14,9,0.0,0.0,0.0,0.0,0.3333,0.2667,0.0,15.0,4.2667,0.0,0.0,0.78577584,Yerushalmi
1QapGen_Genesis_Apocryphon,14,10,0.0,0.0,0.0,0.0,0.0,0.0,0.0,17.0,4.7647,0.0,0.0,0.9609046,Yerushalmi
1QapGen_Genesis_Apocryphon,14,11,0.0,0.0,0.0,0.0,0.0,0.0,0.0,14.0,5.7857,0.0,0.0,0.78642064,Yerushalmi
1QapGen_Genesis_Apocryphon,14,12,0.0,0.0,0.0,0.0,0.0,0.0,0.0,16.0,5.375,0.0,0.0,0.89010185,Yerushalmi
1QapGen_Genesis_Apocryphon,14,13,0.0,0.0,0.0,0.0,0.0,0.0,0.0,10.0,6.9,0.0,0.0,0.46851537,Bavli
1QapGen_Genesis_Apocryphon,14,14,0.0,0.0,0.0,0.0,0.9091,0.9091,0.0,11.0,5.4545,0.0,0.0,0.2500504,Bavli
1QapGen_Genesis_Apocryphon,14,15,0.0,0.0,0.0,0.0,0.0,0.0,0.0,12.0,5.75,0.0,0.0,0.7857469,Yerushalmi
1QapGen_Genesis_Apocryphon,14,16,0.0,0.0,0.0,0.0,0.0,0.0,0.0,14.0,6.4286,0.0,0.0,0.5978987,Yerushalmi
1QapGen_Genesis_Apocryphon,14,17,0.0,0.0,0.0,0.0,0.125,0.125,0.0,16.0,4.875,0.0,0.0,0.87798166,Yerushalmi
1QapGen_Genesis_Apocryphon,14,18,0.0,0.0,0.0,0.0,0.0,0.0,0.0,17.0,6.1176,0.0,0.0,0.73296225,Yerushalmi
1QapGen_Genesis_Apocryphon,14,19,0.0,0.0,0.0,0.0,0.0,0.0,0.0,9.0,8.0,0.0,0.0,0.3056184,Bavli
1QapGen_Genesis_Apocryphon,14,20,0.0,0.0,0.0,0.0,0.0,0.0,0.0,13.0,6.8462,0.0,0.0,0.47460142,Bavli
1QapGen_Genesis_Apocryphon,14,21,0.0,0.0,0.0,0.0,0.0,0.0,0.0,13.0,7.5385,0.0,0.0,0.33330935,Bavli
1QapGen_Genesis_Apocryphon,14,22,0.0,0.0,0.0,0.0,0.3333,0.0,0.0,6.0,12.6667,0.0,0.0,0.13587162,Bavli
1QapGen_Genesis_Apocryphon,14,27,0.0,0.0,0.0,0.5,0.0,0.0,0.0,1.0,52.0,0.0,0.0,0.39626798,Bavli
1QapGen_Genesis_Apocryphon,15,5,0.0,0.0,0.0,0.0,0.0,0.0,0.0,4.0,5.75,0.0,0.0,0.7707004,Yerushalmi
1QapGen_Genesis_Apocryphon,15,6,0.0,0.0,0.0,0.0,0.0,0.0,0.0,4.0,5.75,0.0,0.0,0.7707004,Yerushalmi
1QapGen_Genesis_Apocryphon,15,7,0.0,0.0,0.0,0.0,0.0,0.0,0.0,10.0,6.1,0.0,0.0,0.6809181,Yerushalmi
1QapGen_Genesis_Apocryphon,15,8,0.0,0.0,0.0,0.0,0.0,0.0,0.0,8.0,8.375,0.0,0.0,0.28231114,Bavli
1QapGen_Genesis_Apocryphon,15,9,0.0,0.0,0.0,0.0,0.1667,0.1667,0.0,12.0,6.0,0.0,0.0,0.53322047,Yerushalmi
1QapGen_Genesis_Apocryphon,15,10,0.0,0.0,0.0,0.0,0.0769,0.0,0.0,13.0,4.6923,0.0,0.0,0.9654713,Yerushalmi
1QapGen_Genesis_Apocryphon,15,11,0.0,0.0,0.0,0.0,0.0,0.0,0.0,12.0,5.0,0.0,0.0,0.93222797,Yerushalmi
1QapGen_Genesis_Apocryphon,15,12,0.0,0.0,0.0,0.0,0.0,0.0,0.0,7.0,6.4286,0.0,0.0,0.6026015,Yerushalmi
1QapGen_Genesis_Apocryphon,15,13,0.0,0.0,0.0,0.0,0.0,0.0,0.0,8.0,9.25,0.0,0.0,0.2156801,Bavli
1QapGen_Genesis_Apocryphon,15,14,0.0,0.0,0.0,0.0,0.0,0.0,0.0,6.0,7.5,0.0,0.0,0.41199642,Bavli
1QapGen_Genesis_Apocryphon,15,15,0.0,0.0,0.0,0.0,0.0,0.0,0.0,10.0,3.9,0.0,0.0,0.9683456,Yerushalmi
1QapGen_Genesis_Apocryphon,15,16,0.0,0.0,0.0,0.0,0.0,0.0,0.0,8.0,8.0,0.0,0.0,0.32119238,Bavli
1QapGen_Genesis_Apocryphon,15,17,0.0,0.0,0.0,0.0,0.0,0.0,0.0,9.0,8.1111,0.0,0.0,0.29324648,Bavli
1QapGen_Genesis_Apocryphon,15,18,0.0,0.0,0.0,0.0,0.0,0.0,0.0,8.0,8.875,0.0,0.0,0.24047668,Bavli
1QapGen_Genesis_Apocryphon,15,19,0.0,0.0,0.0,0.0,0.0,0.0,0.0,10.0,5.3,0.0,0.0,0.88489187,Yerushalmi
1QapGen_Genesis_Apocryphon,15,20,0.0,0.0,0.0,0.0,0.0,0.0,0.0,6.0,8.3333,0.0,0.0,0.32161185,Bavli
1QapGen_Genesis_Apocryphon,15,21,0.0,0.0,0.0,0.0,0.0,0.0,0.0,8.0,6.375,0.0,0.0,0.6115241,Yerushalmi
1QapGen_Genesis_Apocryphon,15,22,0.0,0.0,0.0,0.0,0.0,0.0,0.0,7.0,9.4286,0.0,0.0,0.2253394,Bavli
1QapGen_Genesis_Apocryphon,15,23,0.0,0.0,0.0,0.0,0.0,0.0,0.0,4.0,9.75,0.0,0.0,0.29344884,Bavli
1QapGen_Genesis_Apocryphon,16,8,0.0,0.0,0.0,0.0,0.0,0.0,0.0,8.0,6.375,0.0,0.0,0.6115241,Yerushalmi
1QapGen_Genesis_Apocryphon,16,9,0.0,0.0,0.0,0.1667,0.0,0.0,0.0,12.0,4.6667,0.0,0.0,0.93331045,Yerushalmi
1QapGen_Genesis_Apocryphon,16,10,0.0,0.0,0.0,0.0,0.0,0.0,0.0,8.0,3.5,0.0,0.0,0.9497808,Yerushalmi
1QapGen_Genesis_Apocryphon,16,11,0.0,0.0,0.0,0.0909,0.0,0.0,0.0,11.0,4.0,0.0,0.0,0.96432954,Yerushalmi
1QapGen_Genesis_Apocryphon,16,12,0.0,0.0,0.0,0.25,0.0,0.0,0.0,8.0,6.25,0.0,0.0,0.54160416,Yerushalmi
1QapGen_Genesis_Apocryphon,16,13,0.0,0.0,0.0,0.5,0.0,0.0,0.0,1.0,6.0,0.0,0.0,0.5995316,Yerushalmi
1QapGen_Genesis_Apocryphon,16,14,0.0,0.0,0.0,0.1111,0.0,0.0,0.0,9.0,4.7778,0.0,0.0,0.90686405,Yerushalmi
1QapGen_Genesis_Apocryphon,16,15,0.0,0.0,0.0,0.0,0.0,0.0,0.0,8.0,4.625,0.0,0.0,0.9335827,Yerushalmi
1QapGen_Genesis_Apocryphon,16,16,0.0,0.0,0.0,0.0,0.0,0.0,0.0,6.0,4.8333,0.0,0.0,0.90036476,Yerushalmi
1QapGen_Genesis_Apocryphon,16,17,0.0,0.0,0.0,0.1818,0.0,0.0,0.0,11.0,4.0909,0.0,0.0,0.9519328,Yerushalmi
1QapGen_Genesis_Apocryphon,16,18,0.0,0.0,0.0,0.1111,0.0,0.0,0.0,9.0,4.5556,0.0,0.0,0.92300177,Yerushalmi
1QapGen_Genesis_Apocryphon,16,19,0.0,0.0,0.0,0.0,0.0,0.0,0.0,6.0,5.3333,0.0,0.0,0.85318255,Yerushalmi
1QapGen_Genesis_Apocryphon,16,20,0.0,0.0,0.0,0.5,0.0,0.0,0.0,2.0,15.0,0.0,0.0,0.4498919,Bavli
1QapGen_Genesis_Apocryphon,16,21,0.0,0.0,0.0,0.5,0.0,0.0,0.0,3.0,4.6667,0.0,0.0,0.6426978,Yerushalmi
1QapGen_Genesis_Apocryphon,17,5,0.0,0.0,0.0,0.5,0.0,0.0,0.0,2.0,25.5,0.0,0.0,0.3874045,Bavli
1QapGen_Genesis_Apocryphon,17,6,0.0,0.0,0.0,0.5,0.0,0.0,0.0,2.0,5.0,0.0,0.0,0.62319374,Yerushalmi
1QapGen_Genesis_Apocryphon,17,7,0.0,0.0,0.0,0.1875,0.0,0.0,0.0,16.0,4.875,0.0,0.0,0.9272447,Yerushalmi
1QapGen_Genesis_Apocryphon,17,8,0.0,0.0,0.0,0.2308,0.0,0.0,0.0,13.0,5.0,0.0,0.0,0.8902457,Yerushalmi
1QapGen_Genesis_Apocryphon,17,9,0.0,0.0,0.0,0.0,0.0,0.0,0.0,16.0,3.9375,0.0,0.0,0.98550785,Yerushalmi
1QapGen_Genesis_Apocryphon,17,10,0.0,0.0,0.0,0.0769,0.0,0.0,0.0,13.0,4.4615,0.0,0.0,0.96279943,Yerushalmi
1QapGen_Genesis_Apocryphon,17,11,0.0,0.0,0.0,0.0714,0.0,0.0,0.0,14.0,4.2143,0.0,0.0,0.9742989,Yerushalmi
1QapGen_Genesis_Apocryphon,17,12,0.0,0.0,0.0,0.0833,0.0,0.0,0.0,12.0,4.0833,0.0,0.0,0.96950495,Yerushalmi
1QapGen_Genesis_Apocryphon,17,13,0.0,0.0,0.0,0.0833,0.0,0.0,0.0,12.0,4.6667,0.0,0.0,0.9465209,Yerushalmi
1QapGen_Genesis_Apocryphon,17,14,0.0,0.0,0.0,0.0,0.0,0.0,0.0,10.0,6.4,0.0,0.0,0.59319913,Yerushalmi
1QapGen_Genesis_Apocryphon,17,15,0.0,0.0,0.0,0.1,0.0,0.0,0.0,10.0,3.5,0.0,0.0,0.9552281,Yerushalmi
1QapGen_Genesis_Apocryphon,17,16,0.0,0.0,0.0,0.125,0.0,0.0,0.0,16.0,4.25,0.0,0.0,0.9726046,Yerushalmi
1QapGen_Genesis_Apocryphon,17,17,0.0,0.0,0.0,0.1111,0.0,0.0,0.0,18.0,4.0,0.0,0.0,0.9796282,Yerushalmi
1QapGen_Genesis_Apocryphon,17,18,0.0,0.0,0.0,0.0909,0.0,0.0,0.0,11.0,6.2727,0.0,0.0,0.5966672,Yerushalmi
1QapGen_Genesis_Apocryphon,17,19,0.0,0.0,0.0,0.0,0.0,0.0,0.0,9.0,3.8889,0.0,0.0,0.9604301,Yerushalmi
1QapGen_Genesis_Apocryphon,17,20,0.0,0.0,0.0,0.5,0.0,0.0,0.0,1.0,4.0,0.0,0.0,0.5787857,Yerushalmi
1QapGen_Genesis_Apocryphon,17,21,0.0,0.0,0.0,0.5,0.0,0.0,0.0,1.0,4.0,0.0,0.0,0.5787857,Yerushalmi
1QapGen_Genesis_Apocryphon,19,7,0.0,0.0,0.0,0.2727,0.0,0.0,0.0,11.0,5.9091,0.0,0.0,0.65783453,Yerushalmi
1QapGen_Genesis_Apocryphon,19,8,0.0,0.0,0.0,0.0588,0.0,0.0,0.0,17.0,4.4118,0.0,0.0,0.97265327,Yerushalmi
1QapGen_Genesis_Apocryphon,19,9,0.0,0.0,0.0,0.1333,0.0,0.0,0.0,15.0,4.7333,0.0,0.0,0.94503266,Yerushalmi
1QapGen_Genesis_Apocryphon,19,10,0.0,0.0,0.0,0.2222,0.0,0.0,0.0,18.0,6.0556,0.0,0.0,0.7539706,Yerushalmi
1QapGen_Genesis_Apocryphon,19,11,0.0,0.0,0.0,0.0625,0.0,0.0,0.0,16.0,6.5,0.0,0.0,0.6024722,Yerushalmi
1QapGen_Genesis_Apocryphon,19,12,0.0,0.0,0.0,0.0714,0.0714,0.0,0.0,14.0,5.3571,0.0,0.0,0.88160366,Yerushalmi
1QapGen_Genesis_Apocryphon,19,13,0.0,0.0,0.0,0.1,0.1,0.0,0.0,10.0,4.3,0.0,0.0,0.95648104,Yerushalmi
1QapGen_Genesis_Apocryphon,19,14,0.0,0.0,0.0,0.4,0.1333,0.1333,0.0,15.0,5.0667,0.0,0.0,0.6990676,Yerushalmi
1QapGen_Genesis_Apocryphon,19,15,0.0,0.0,0.0,0.3333,0.1667,0.1667,0.0,12.0,9.3333,0.0,0.0,0.1834724,Bavli
1QapGen_Genesis_Apocryphon,19,16,0.0,0.0,0.0,0.1875,0.125,0.125,0.0,16.0,5.3125,0.0,0.0,0.7291116,Yerushalmi
1QapGen_Genesis_Apocryphon,19,17,0.0,0.0,0.0,0.3636,0.1818,0.0,0.0,11.0,4.3636,0.0,0.0,0.9246164,Yerushalmi
1QapGen_Genesis_Apocryphon,19,18,0.0,0.0,0.0,0.2,0.1,0.0,0.0,20.0,5.05,0.0,0.0,0.92228,Yerushalmi
1QapGen_Genesis_Apocryphon,19,19,0.0,0.0,0.0,0.0714,0.0,0.0,0.0,14.0,5.0714,0.0,0.0,0.916086,Yerushalmi
1QapGen_Genesis_Apocryphon,19,20,0.0,0.0,0.0,0.2143,0.0,0.0,0.0,14.0,5.2857,0.0,0.0,0.8561438,Yerushalmi
1QapGen_Genesis_Apocryphon,19,21,0.0,0.0,0.0,0.25,0.0,0.0,0.0,12.0,5.4167,0.0,0.0,0.79901004,Yerushalmi
1QapGen_Genesis_Apocryphon,19,22,0.0,0.0,0.0,0.1111,0.0,0.0,0.0,9.0,5.3333,0.0,0.0,0.8252188,Yerushalmi
1QapGen_Genesis_Apocryphon,19,23,0.0,0.0,0.0,0.1667,0.1667,0.1667,0.0,12.0,4.0833,0.0,0.0,0.8155912,Yerushalmi
1QapGen_Genesis_Apocryphon,19,24,0.0,0.0,0.0,0.125,0.0,0.0,0.0,16.0,4.9375,0.0,0.0,0.9292771,Yerushalmi
1QapGen_Genesis_Apocryphon,19,25,0.0,0.0,0.0,0.3,0.0,0.0,0.0,10.0,8.7,0.0,0.0,0.23414166,Bavli
1QapGen_Genesis_Apocryphon,19,26,0.0,0.0,0.0,0.0714,0.2857,0.2857,0.0,14.0,5.2857,0.0,0.0,0.5284604,Yerushalmi
1QapGen_Genesis_Apocryphon,19,27,0.0,0.0,0.0,0.3333,0.0,0.0,0.0,6.0,5.5,0.0,0.0,0.63610506,Yerushalmi
1QapGen_Genesis_Apocryphon,20,1,0.0,0.0,0.0,0.5,0.0,0.0,0.0,3.0,4.0,0.0,0.0,0.622399,Yerushalmi
1QapGen_Genesis_Apocryphon,20,2,0.0,0.0,0.0,0.2222,0.0,0.0,0.0,9.0,4.6667,0.0,0.0,0.88404644,Yerushalmi
1QapGen_Genesis_Apocryphon,20,3,0.0,0.0,0.0,0.1579,0.0,0.0,0.0,19.0,4.1053,0.0,0.0,0.9731526,Yerushalmi
1QapGen_Genesis_Apocryphon,20,4,0.0,0.0,0.0,0.1176,0.0,0.0,0.0,17.0,4.0588,0.0,0.0,0.97829765,Yerushalmi
1QapGen_Genesis_Apocryphon,20,5,0.0,0.0,0.0,0.1765,0.0,0.0,0.0,17.0,5.0,0.0,0.0,0.9185144,Yerushalmi
1QapGen_Genesis_Apocryphon,20,6,0.0,0.0,0.0,0.2222,0.0,0.0,0.0,18.0,3.7222,0.0,0.0,0.9773275,Yerushalmi
1QapGen_Genesis_Apocryphon,20,7,0.0,0.0,0.0,0.2222,0.0,0.0,0.0,18.0,4.5,0.0,0.0,0.95265573,Yerushalmi
1QapGen_Genesis_Apocryphon,20,8,0.0,0.0,0.0,0.1765,0.0,0.0,0.0,17.0,3.8824,0.0,0.0,0.97790277,Yerushalmi
1QapGen_Genesis_Apocryphon,20,9,0.0,0.0,0.0,0.3571,0.1429,0.1429,0.0,14.0,4.4286,0.0,0.0,0.7701076,Yerushalmi
1QapGen_Genesis_Apocryphon,20,10,0.0,0.0,0.0,0.25,0.0,0.0,0.0,16.0,4.0625,0.0,0.0,0.9684001,Yerushalmi
1QapGen_Genesis_Apocryphon,20,11,0.0,0.0,0.0,0.1333,0.0,0.0,0.0,15.0,3.6,0.0,0.0,0.98113906,Yerushalmi
1QapGen_Genesis_Apocryphon,20,12,0.0,0.0,0.0,0.4,0.0,0.0,0.0,15.0,4.4667,0.0,0.0,0.93311167,Yerushalmi
1QapGen_Genesis_Apocryphon,20,13,0.0,0.0,0.0,0.25,0.0625,0.0,0.0,16.0,4.0625,0.0,0.0,0.9704792,Yerushalmi
1QapGen_Genesis_Apocryphon,20,14,0.0,0.0,0.0,0.1053,0.1579,0.1053,0.0,19.0,3.5263,0.0,0.0,0.95878965,Yerushalmi
1QapGen_Genesis_Apocryphon,20,15,0.0,0.0,0.0,0.2353,0.1176,0.0,0.0,17.0,4.0,0.0,0.0,0.9745872,Yerushalmi
1QapGen_Genesis_Apocryphon,20,16,0.0,0.0,0.0,0.25,0.0,0.0,0.0,16.0,3.875,0.0,0.0,0.97270507,Yerushalmi
1QapGen_Genesis_Apocryphon,20,17,0.0,0.0,0.0,0.25,0.125,0.0,0.0,16.0,3.6875,0.0,0.0,0.97858036,Yerushalmi
1QapGen_Genesis_Apocryphon,20,18,0.0,0.0,0.0,0.3333,0.2667,0.2667,0.0,15.0,4.4,0.0,0.0,0.5278836,Yerushalmi
1QapGen_Genesis_Apocryphon,20,19,0.0,0.0,0.0,0.1176,0.0,0.0,0.0,17.0,4.4706,0.0,0.0,0.96511143,Yerushalmi
1QapGen_Genesis_Apocryphon,20,20,0.0,0.0,0.0,0.2,0.2667,0.2667,0.0,15.0,4.3333,0.0,0.0,0.6212255,Yerushalmi
1QapGen_Genesis_Apocryphon,20,21,0.0,0.0,0.0,0.25,0.0,0.0,0.0,12.0,3.6667,0.0,0.0,0.95806503,Yerushalmi
1QapGen_Genesis_Apocryphon,20,22,0.0,0.0,0.0,0.2105,0.2105,0.2105,0.0,19.0,4.2105,0.0,0.0,0.72362775,Yerushalmi
1QapGen_Genesis_Apocryphon,20,23,0.0,0.0,0.0,0.2667,0.0,0.0,0.0,15.0,4.2667,0.0,0.0,0.9582002,Yerushalmi
1QapGen_Genesis_Apocryphon,20,24,0.0,0.0,0.0,0.1667,0.0,0.0,0.0,12.0,4.0,0.0,0.0,0.9634826,Yerushalmi
1QapGen_Genesis_Apocryphon,20,25,0.0,0.0,0.0,0.0667,0.1333,0.0667,0.0,15.0,4.9333,0.0,0.0,0.9071909,Yerushalmi
1QapGen_Genesis_Apocryphon,20,26,0.0,0.0,0.0,0.1818,0.0455,0.0,0.0,22.0,4.6364,0.0,0.0,0.94237226,Yerushalmi
1QapGen_Genesis_Apocryphon,20,27,0.0,0.0,0.0,0.1765,0.0,0.0,0.0,17.0,4.2941,0.0,0.0,0.9672483,Yerushalmi
1QapGen_Genesis_Apocryphon,20,28,0.0,0.0,0.0,0.2,0.0,0.0,0.0,20.0,4.75,0.0,0.0,0.9379524,Yerushalmi
1QapGen_Genesis_Apocryphon,20,29,0.0,0.0,0.0,0.4,0.2667,0.2667,0.0,15.0,5.6,0.0,0.0,0.43030298,Bavli
1QapGen_Genesis_Apocryphon,20,30,0.0,0.0,0.0,0.125,0.0,0.0,0.0,16.0,5.0625,0.0,0.0,0.9151605,Yerushalmi
1QapGen_Genesis_Apocryphon,20,31,0.0,0.0,0.0,0.2667,0.0,0.0,0.0,15.0,4.6667,0.0,0.0,0.9332327,Yerushalmi
1QapGen_Genesis_Apocryphon,20,32,0.0,0.0,0.0,0.125,0.0,0.0,0.0,16.0,5.5625,0.0,0.0,0.836514,Yerushalmi
1QapGen_Genesis_Apocryphon,20,33,0.0,0.0,0.0,0.4286,0.0,0.0,0.0,14.0,5.0,0.0,0.0,0.87334454,Yerushalmi
1QapGen_Genesis_Apocryphon,20,34,0.0,0.0,0.0,0.1667,0.0,0.0,0.0,18.0,3.8889,0.0,0.0,0.9781919,Yerushalmi
1QapGen_Genesis_Apocryphon,21,1,0.0,0.0,0.0,0.0667,0.0,0.0,0.0,15.0,4.0667,0.0,0.0,0.9794887,Yerushalmi
1QapGen_Genesis_Apocryphon,21,2,0.0,0.0,0.0,0.4,0.0,0.0,0.0,15.0,4.5333,0.0,0.0,0.9285099,Yerushalmi
1QapGen_Genesis_Apocryphon,21,3,0.0,0.0,0.0,0.1111,0.2222,0.0556,0.0,18.0,3.5556,0.0,0.0,0.979024,Yerushalmi
1QapGen_Genesis_Apocryphon,21,4,0.0,0.0,0.0,0.25,0.0,0.0,0.0,4.0,3.5,0.0,0.0,0.750761,Yerushalmi
1QapGen_Genesis_Apocryphon,21,5,0.0,0.0,0.0,0.25,0.0,0.0,0.0,16.0,4.0625,0.0,0.0,0.9684001,Yerushalmi
1QapGen_Genesis_Apocryphon,21,6,0.0,0.0,0.0,0.2222,0.0,0.0,0.0,18.0,3.3889,0.0,0.0,0.9804794,Yerushalmi
1QapGen_Genesis_Apocryphon,21,7,0.0,0.0,0.0,0.2353,0.0,0.0,0.0,17.0,3.5882,0.0,0.0,0.9781131,Yerushalmi
1QapGen_Genesis_Apocryphon,21,8,0.0,0.0,0.0,0.2,0.1333,0.1333,0.0,15.0,3.6667,0.0,0.0,0.90155405,Yerushalmi
1QapGen_Genesis_Apocryphon,21,9,0.0,0.0,0.0,0.3571,0.3571,0.2857,0.0,14.0,4.6429,0.0,0.0,0.48193496,Bavli
1QapGen_Genesis_Apocryphon,21,10,0.0,0.0,0.0,0.1875,0.125,0.125,0.0,16.0,4.0,0.0,0.0,0.9101222,Yerushalmi
1QapGen_Genesis_Apocryphon,21,11,0.0,0.0,0.0,0.1,0.0,0.0,0.0,20.0,3.3,0.0,0.0,0.9854085,Yerushalmi
1QapGen_Genesis_Apocryphon,21,12,0.0,0.0,0.0,0.1176,0.0,0.0,0.0,17.0,3.7647,0.0,0.0,0.98259103,Yerushalmi
1QapGen_Genesis_Apocryphon,21,13,0.0,0.0,0.0,0.2353,0.3529,0.2353,0.0,17.0,3.8235,0.0,0.0,0.7303697,Yerushalmi
1QapGen_Genesis_Apocryphon,21,14,0.0,0.0,0.0,0.2143,0.1429,0.1429,0.0,14.0,4.0,0.0,0.0,0.8653228,Yerushalmi
1QapGen_Genesis_Apocryphon,21,15,0.0,0.0,0.0,0.25,0.125,0.125,0.0,16.0,3.9375,0.0,0.0,0.89666694,Yerushalmi
1QapGen_Genesis_Apocryphon,21,16,0.0,0.0,0.0,0.1111,0.0,0.0,0.0,18.0,3.8889,0.0,0.0,0.9813903,Yerushalmi
1QapGen_Genesis_Apocryphon,21,17,0.0,0.0,0.0,0.1111,0.0,0.0,0.0,18.0,3.6111,0.0,0.0,0.9842453,Yerushalmi
1QapGen_Genesis_Apocryphon,21,18,0.0,0.0,0.0,0.0556,0.0,0.0,0.0,18.0,3.5556,0.0,0.0,0.98691046,Yerushalmi
1QapGen_Genesis_Apocryphon,21,19,0.0,0.0,0.0,0.4,0.1333,0.0667,0.0,15.0,4.6,0.0,0.0,0.8822843,Yerushalmi
1QapGen_Genesis_Apocryphon,21,20,0.0,0.0,0.0,0.3333,0.0,0.0,0.0,15.0,4.5333,0.0,0.0,0.9356093,Yerushalmi
1QapGen_Genesis_Apocryphon,21,21,0.0,0.0,0.0,0.2,0.0,0.0,0.0,15.0,4.6667,0.0,0.0,0.94170153,Yerushalmi
1QapGen_Genesis_Apocryphon,21,22,0.0,0.0,0.0,0.25,0.0,0.0,0.0,4.0,3.75,0.0,0.0,0.76996887,Yerushalmi
1QapGen_Genesis_Apocryphon,21,23,0.0,0.0,0.0,0.0,0.0,0.0,0.0,17.0,4.0,0.0,0.0,0.98525697,Yerushalmi
1QapGen_Genesis_Apocryphon,21,24,0.0,0.0,0.0,0.1176,0.0588,0.0,0.0,17.0,3.5294,0.0,0.0,0.98553115,Yerushalmi
1QapGen_Genesis_Apocryphon,21,25,0.0,0.0,0.0,0.1176,0.2353,0.2353,0.0,17.0,3.7647,0.0,0.0,0.7879765,Yerushalmi
1QapGen_Genesis_Apocryphon,21,26,0.0,0.0,0.0,0.2143,0.0,0.0,0.0,14.0,4.8571,0.0,0.0,0.9178864,Yerushalmi
1QapGen_Genesis_Apocryphon,21,27,0.0,0.0,0.0,0.0714,0.0,0.0,0.0,14.0,4.7143,0.0,0.0,0.9521835,Yerushalmi
1QapGen_Genesis_Apocryphon,21,28,0.0,0.0,0.0,0.2667,0.0,0.0,0.0,15.0,4.4,0.0,0.0,0.9516057,Yerushalmi
1QapGen_Genesis_Apocryphon,21,29,0.0,0.0,0.0,0.2143,0.0,0.0,0.0,14.0,5.3571,0.0,0.0,0.84317374,Yerushalmi
1QapGen_Genesis_Apocryphon,21,30,0.0,0.0,0.0,0.375,0.25,0.125,0.0,8.0,6.125,0.0,0.0,0.42913687,Bavli
1QapGen_Genesis_Apocryphon,21,31,0.0,0.0,0.0,0.1429,0.0,0.0,0.0,14.0,4.7857,0.0,0.0,0.9363015,Yerushalmi
1QapGen_Genesis_Apocryphon,21,32,0.0,0.0,0.0,0.2667,0.0,0.0,0.0,15.0,6.2,0.0,0.0,0.6541752,Yerushalmi
1QapGen_Genesis_Apocryphon,21,33,0.0,0.0,0.0,0.1818,0.0,0.0,0.0,11.0,5.9091,0.0,0.0,0.67450714,Yerushalmi
1QapGen_Genesis_Apocryphon,21,34,0.0,0.0,0.0,0.1111,0.0,0.0,0.0,9.0,6.0,0.0,0.0,0.6540625,Yerushalmi
1QapGen_Genesis_Apocryphon,22,1,0.0,0.0,0.0,0.1429,0.0,0.0,0.0,14.0,3.5,0.0,0.0,0.9786096,Yerushalmi
1QapGen_Genesis_Apocryphon,22,2,0.0,0.0,0.0,0.0,0.0,0.0,0.0,14.0,3.2857,0.0,0.0,0.986683,Yerushalmi
1QapGen_Genesis_Apocryphon,22,3,0.0,0.0,0.0,0.2308,0.0,0.0,0.0,13.0,3.7692,0.0,0.0,0.96666765,Yerushalmi
1QapGen_Genesis_Apocryphon,22,4,0.0,0.0,0.0,0.4545,0.0,0.0,0.0,11.0,5.0,0.0,0.0,0.8257385,Yerushalmi
1QapGen_Genesis_Apocryphon,22,5,0.0,0.0,0.0,0.2727,0.3636,0.3636,0.0,11.0,4.0,0.0,0.0,0.35973588,Bavli
1QapGen_Genesis_Apocryphon,22,6,0.0,0.0,0.0,0.2,0.0,0.0,0.0,10.0,4.9,0.0,0.0,0.87974524,Yerushalmi
1QapGen_Genesis_Apocryphon,22,7,0.0,0.0,0.0,0.1667,0.0,0.0,0.0,12.0,4.0,0.0,0.0,0.9634826,Yerushalmi
1QapGen_Genesis_Apocryphon,22,8,0.0,0.0,0.0,0.3636,0.0,0.0,0.0,11.0,4.3636,0.0,0.0,0.91008055,Yerushalmi
1QapGen_Genesis_Apocryphon,22,9,0.0,0.0,0.0,0.3636,0.0,0.0,0.0,11.0,5.0,0.0,0.0,0.83905977,Yerushalmi
1QapGen_Genesis_Apocryphon,22,10,0.0,0.0,0.0,0.0769,0.0,0.0,0.0,13.0,3.6154,0.0,0.0,0.9790909,Yerushalmi
1QapGen_Genesis_Apocryphon,22,11,0.0,0.0,0.0,0.1538,0.0,0.0,0.0,13.0,3.8462,0.0,0.0,0.97210145,Yerushalmi
1QapGen_Genesis_Apocryphon,22,12,0.0,0.0,0.0,0.0833,0.3333,0.1667,0.0,12.0,3.6667,0.0,0.0,0.8811484,Yerushalmi
1QapGen_Genesis_Apocryphon,22,13,0.0,0.0,0.0,0.3636,0.0,0.0,0.0,11.0,4.2727,0.0,0.0,0.9155313,Yerushalmi
1QapGen_Genesis_Apocryphon,22,14,0.0,0.0,0.0,0.1,0.0,0.0,0.0,10.0,4.6,0.0,0.0,0.9340124,Yerushalmi
1QapGen_Genesis_Apocryphon,22,15,0.0,0.0,0.0,0.3077,0.0,0.0,0.0,13.0,3.8462,0.0,0.0,0.9584662,Yerushalmi
1QapGen_Genesis_Apocryphon,22,16,0.0,0.0,0.0,0.25,0.0,0.0,0.0,12.0,4.0833,0.0,0.0,0.9524847,Yerushalmi
1QapGen_Genesis_Apocryphon,22,17,0.0,0.0,0.0,0.1429,0.0,0.0,0.0,14.0,3.7143,0.0,0.0,0.97757757,Yerushalmi
1QapGen_Genesis_Apocryphon,22,18,0.0,0.0,0.0,0.1,0.0,0.0,0.0,10.0,3.7,0.0,0.0,0.95634717,Yerushalmi
1QapGen_Genesis_Apocryphon,22,19,0.0,0.0,0.0,0.0667,0.0,0.0,0.0,15.0,3.2667,0.0,0.0,0.9853051,Yerushalmi
1QapGen_Genesis_Apocryphon,22,20,0.0,0.0,0.0,0.0,0.7273,0.4545,0.0,11.0,3.9091,0.0,0.0,0.52444947,Yerushalmi
1QapGen_Genesis_Apocryphon,22,21,0.0,0.0,0.0,0.0714,0.0,0.0,0.0,14.0,3.3571,0.0,0.0,0.9829473,Yerushalmi
1QapGen_Genesis_Apocryphon,22,22,0.0,0.0,0.0,0.0,0.0,0.0,0.0,16.0,3.125,0.0,0.0,0.98946756,Yerushalmi
1QapGen_Genesis_Apocryphon,22,23,0.0,0.0,0.0,0.0769,0.0,0.0,0.0,13.0,4.0,0.0,0.0,0.9754456,Yerushalmi
1QapGen_Genesis_Apocryphon,22,24,0.0,0.0,0.0,0.25,0.1667,0.0833,0.0,12.0,4.4167,0.0,0.0,0.8854666,Yerushalmi
1QapGen_Genesis_Apocryphon,22,25,0.0,0.0,0.0,0.1538,0.0,0.0,0.0,13.0,3.4615,0.0,0.0,0.97396255,Yerushalmi
1QapGen_Genesis_Apocryphon,22,26,0.0,0.0,0.0,0.5,0.0,0.0,0.0,3.0,4.3333,0.0,0.0,0.6418783,Yerushalmi
1QapGen_Genesis_Apocryphon,22,27,0.0,0.0,0.0,0.1667,0.1667,0.1667,0.0,12.0,4.25,0.0,0.0,0.80657,Yerushalmi
1QapGen_Genesis_Apocryphon,22,28,0.0,0.0,0.0,0.1538,0.0769,0.0,0.0,13.0,3.6923,0.0,0.0,0.9764724,Yerushalmi
1QapGen_Genesis_Apocryphon,22,29,0.0,0.0,0.0,0.1765,0.2353,0.1765,0.0,17.0,3.1765,0.0,0.0,0.88413167,Yerushalmi
1QapGen_Genesis_Apocryphon,22,30,0.0,0.0,0.0,0.2,0.0,0.0,0.0,15.0,3.2,0.0,0.0,0.9780055,Yerushalmi
1QapGen_Genesis_Apocryphon,22,31,0.0,0.0,0.0,0.1818,0.0,0.0,0.0,11.0,4.3636,0.0,0.0,0.94255954,Yerushalmi
1QapGen_Genesis_Apocryphon,22,32,0.0,0.0,0.0,0.2308,0.0,0.0,0.0,13.0,3.6154,0.0,0.0,0.9675784,Yerushalmi
1QapGen_Genesis_Apocryphon,22,33,0.0,0.0,0.0,0.1429,0.2143,0.0,0.0,14.0,3.7857,0.0,0.0,0.98322564,Yerushalmi
1QapGen_Genesis_Apocryphon,22,34,0.0,0.0,0.0,0.0714,0.0,0.0,0.0,14.0,3.8571,0.0,0.0,0.9803578,Yerushalmi
