text,url,lexicon_0,lexicon_1,lexicon_2,lexicon_3,lexicon_4,meaning_0,meaning_1,meaning_2,meaning_3,text_transformed,Lema,merged_lexicon,merged_meanings
"[,,,",getlex.php?coord=44406001000301&word=0,,,,,,,,,,,,,
rb?,getlex.php?coord=44406001010219&word=3,,,,,,,,,,,,,
b?yqr,getlex.php?coord=44406001010219&word=2,,,,,,,,,,,,,
",,,]",getlex.php?coord=44406001010219&word=1,,,,,,,,,,,,,
",[,,,",getlex.php?coord=44406001010219&word=0,,,,,,,,,,,,,
kl,getlex.php?coord=44406001010218&word=4,,,,,,,,,,,,,
(d,getlex.php?coord=44406001010218&word=3,prep.,,,,,until,"until, as far as",as conj.:,see s.v.,,ˁd,prep.,"until | until, as far as | as conj.: | see s.v."
",,,",getlex.php?coord=44406003010006&word=4,,,,,,,,,,,,,
"c[,,,",getlex.php?coord=44406021303&word=2,,,,,,,,,,,,,
",,,],,,[,,,",getlex.php?coord=44406021301&word=0,,,,,,,,,,,,,
")n$[,,,",getlex.php?coord=44406021082&word=2,n.m.,,,,,"person, someone","person, someone","Man, humanity (usually in the emphatic)","often in the absolute state (i.e., as a pronoun, even in Eastern Aramaic):",,ˀnš,n.m.,"person, someone | person, someone | Man, humanity (usually in the emphatic) | often in the absolute state (i.e., as a pronoun, even in Eastern Aramaic):"
###,getlex.php?coord=44406021081&word=1,,,,,,,,,,,,,
",,,]tmlK",getlex.php?coord=44406021072&word=0,vb. e(a)/u G D C Gt Dt Ct,,,,,to rule; to advise; to promise,to reign,"to advise, give counsel to",to promise,,mlk,vb. e(a)/u G D C Gt Dt Ct,"to rule; to advise; to promise | to reign | to advise, give counsel to | to promise"
$]lM,getlex.php?coord=44406021033&word=1,n.m.,,,,,wellbeing; peace,"wellbeing, safety",peace,,,šlm,n.m.,"wellbeing; peace | wellbeing, safety | peace"
wzmnyN],getlex.php?coord=44406021032&word=1,conj. n.f./m.,,,,,"and, also",set time; instance,set time,instance,,w_,conj. n.f./m.,"and, also | set time; instance | set time | instance"
mlkwt,getlex.php?coord=44406021012&word=5,n.f.,,,,,kingdom,"kingship, reign","kingdom, realm (a political entity)",of heaven : the afterlife promised to the good or the imminent rule of God on earth,,mlkw,n.f.,"kingdom | kingship, reign | kingdom, realm (a political entity) | of heaven : the afterlife promised to the good or the imminent rule of God on earth"
",,,]byK",getlex.php?coord=44406021012&word=0,,,,,,,,,,,,,
",,,]mN",getlex.php?coord=44406021011&word=0,prep.,,,,,from,from,partitive,indicating the agent of a passive,,mn,prep.,from | from | partitive | indicating the agent of a passive
kwl?,getlex.php?coord=44406006070001&word=1,n.(pr.),,,,,"all, every",alone preceding a noun (technically the construct state!) :,as a postpositive with resumptive pronominal suffixes,emphatic state :,,kl,n.(pr.),"all, every | alone preceding a noun (technically the construct state!) : | as a postpositive with resumptive pronominal suffixes | emphatic state :"
)ds),getlex.php?coord=44406006050105&word=3,n.m.,,,,,myrtle,myrtle,,,,hds,n.m.,myrtle | myrtle
",,,",getlex.php?coord=44406006050104&word=1,,,,,,,,,,,,,
",,,",getlex.php?coord=44406006050103&word=1,,,,,,,,,,,,,
",,,",getlex.php?coord=44406006050102&word=1,,,,,,,,,,,,,
r)?[$),getlex.php?coord=44406006020008&word=4,n.m.,,,,,head; top; chief,(anat.) head,top,"beginning, origin, source",,ryš,n.m.,"head; top; chief | (anat.) head | top | beginning, origin, source"
",,,,",getlex.php?coord=44406006020007&word=6,,,,,,,,,,,,,
",,,",getlex.php?coord=44406006020007&word=1,,,,,,,,,,,,,
"[,,,,],,,[,,])",getlex.php?coord=44406006020006&word=0,,,,,,,,,,,,,
"[,,,",getlex.php?coord=44406006020005&word=0,,,,,,,,,,,,,
",,,]",getlex.php?coord=44406006020004&word=1,,,,,,,,,,,,,
]sl?q,getlex.php?coord=44406006020003&word=2,vb. e/a(u) G D C Dt Ct,,,,,to go up,to go up,to result,to travel,,slq,vb. e/a(u) G D C Dt Ct,to go up | to go up | to result | to travel
try (]$r,getlex.php?coord=44406006020002&word=1,num.,,,,,twelve,twelve,the twelve books of the minor prophets,,,try ˁsr,num.,twelve | twelve | the twelve books of the minor prophets
",,k?wl,,[,,,",getlex.php?coord=44406006010003&word=3,,,,,,,,,,,,,
"[,,,,,",getlex.php?coord=44406006010002&word=4,,,,,,,,,,,,,
mN,getlex.php?coord=44406006010001&word=2,prep.,,,,,from,from,partitive,indicating the agent of a passive,,mn,prep.,from | from | partitive | indicating the agent of a passive
",,,",getlex.php?coord=44406005020206&word=2,,,,,,,,,,,,,
w?k(?N?,getlex.php?coord=44406005020205&word=0,conj. adv.,,,,,"and, also",now,now,(w./w.o.,,w_,conj. adv.,"and, also | now | now | (w./w.o."
Tb[y]h,getlex.php?coord=44406005020203&word=0,adj.,,,,,good,"good, proper, appropriate","precious, valuable, of worth","(heart, mind) happy, feeling good",,ṭb,adj.,"good | good, proper, appropriate | precious, valuable, of worth | (heart, mind) happy, feeling good"
",,,",getlex.php?coord=44406005020201&word=2,,,,,,,,,,,,,
"[,,,",getlex.php?coord=44406005020106&word=0,,,,,,,,,,,,,
",,,])?",getlex.php?coord=44406005020104&word=1,,,,,,,,,,,,,
",,,",getlex.php?coord=44406005020102&word=1,,,,,,,,,,,,,
"l?[,],l?[,,,",getlex.php?coord=44406005010003&word=0,,,,,,,,,,,,,
(l,getlex.php?coord=44406005010002&word=0,prep.,,,,,upon; against; to,"upon, over, on to","against, over against","toward, to",,ˁl,prep.,"upon; against; to | upon, over, on to | against, over against | toward, to"
]$M[,getlex.php?coord=44406004050007&word=2,n.m.,,,,,name,name,"fame, reputation",absolute preceding a noun,,šm,n.m.,"name | name | fame, reputation | absolute preceding a noun"
",,,]",getlex.php?coord=44406004050006&word=1,,,,,,,,,,,,,
"[,,,",getlex.php?coord=44406004050005&word=0,,,,,,,,,,,,,
",,,,,",getlex.php?coord=44406004050003&word=2,,,,,,,,,,,,,
",,,]",getlex.php?coord=44406004050002&word=1,,,,,,,,,,,,,
"[,,,",getlex.php?coord=44406004050001&word=0,,,,,,,,,,,,,
",,,",getlex.php?coord=44406004040003&word=4,,,,,,,,,,,,,
",,,",getlex.php?coord=44406004040002&word=3,,,,,,,,,,,,,
",,,",getlex.php?coord=44406004040001&word=1,,,,,,,,,,,,,
",,,,,",getlex.php?coord=44406004030003&word=3,,,,,,,,,,,,,
ly,getlex.php?coord=44406004030002&word=3,prep.,,,,,"to, for",,,,,l_,prep.,"to, for"
yqr,getlex.php?coord=44406004030001&word=2,n.m.,,,,,honor,honor,"valuables, wealth",outside margin of a book,,yqr,n.m.,"honor | honor | valuables, wealth | outside margin of a book"
w]hw),getlex.php?coord=44406004020010&word=2,conj. pron.,,,,,"and, also",he,he,as copula,,w_,conj. pron.,"and, also | he | he | as copula"
kl),getlex.php?coord=44406004020009&word=3,n.(pr.),,,,,"all, every",alone preceding a noun (technically the construct state!) :,as a postpositive with resumptive pronominal suffixes,emphatic state :,,kl,n.(pr.),"all, every | alone preceding a noun (technically the construct state!) : | as a postpositive with resumptive pronominal suffixes | emphatic state :"
wb[tr,getlex.php?coord=44406004020008&word=5,conj. prep.,,,,,"and, also",after,after,conj.: after,,w_,conj. prep.,"and, also | after | after | conj.: after"
",,,,,",getlex.php?coord=44406004020007&word=6,,,,,,,,,,,,,
",,,",getlex.php?coord=44406004020007&word=1,,,,,,,,,,,,,
bt]r?hN,getlex.php?coord=44406004020006&word=2,prep.,,,,,after,after,conj.: after,"w. personal pron. suf. : behind one, backwards (?)",,btr,prep.,"after | after | conj.: after | w. personal pron. suf. : behind one, backwards (?)"
wbtrhN,getlex.php?coord=44406004020005&word=2,conj. prep.,,,,,"and, also",after,after,conj.: after,,w_,conj. prep.,"and, also | after | after | conj.: after"
",,,])",getlex.php?coord=44406004020004&word=1,,,,,,,,,,,,,
mlyx]y?N,getlex.php?coord=44406004020003&word=2,adj.,,,,,salty; salted,salty,salted,,,mlyḥ,adj.,salty; salted | salty | salted
m?[N,getlex.php?coord=44406004020002&word=3,prep.,,,,,from,from,partitive,indicating the agent of a passive,,mn,prep.,from | from | partitive | indicating the agent of a passive
",,,]q?",getlex.php?coord=44406004020001&word=1,,,,,,,,,,,,,
"[,,,",getlex.php?coord=44406004010007&word=0,,,,,,,,,,,,,
"[,,,",getlex.php?coord=44406004010006&word=0,,,,,,,,,,,,,
",,,",getlex.php?coord=44406004010004&word=4,,,,,,,,,,,,,
",,,",getlex.php?coord=44406004010003&word=2,,,,,,,,,,,,,
"[,,,",getlex.php?coord=44406004010002&word=2,,,,,,,,,,,,,
",,,]N",getlex.php?coord=44406004010001&word=1,,,,,,,,,,,,,
"[,,,",getlex.php?coord=44406003010006&word=0,,,,,,,,,,,,,
",,,]h",getlex.php?coord=44406003010005&word=1,,,,,,,,,,,,,
k]dy,getlex.php?coord=44406003010004&word=2,conj.,,,,,when,when,just as,as follows (,,kd,conj.,when | when | just as | as follows (
wlkl,getlex.php?coord=44406003010003&word=5,conj. prep. n.(pr.),,,,,"and, also","to, for","all, every",alone preceding a noun (technically the construct state!) :,,w_,conj. prep. n.(pr.),"and, also | to, for | all, every | alone preceding a noun (technically the construct state!) :"
"[,,,",getlex.php?coord=44406003010003&word=0,,,,,,,,,,,,,
])?nh,getlex.php?coord=44406003010002&word=2,pron.,,,,,I,I,as enclitic subject marker with participles/adjectives,(philos.) Ego,,ˀnh,pron.,I | I | as enclitic subject marker with participles/adjectives | (philos.) Ego
mN,getlex.php?coord=44406003010001&word=3,prep.,,,,,from,from,partitive,indicating the agent of a passive,,mn,prep.,from | from | partitive | indicating the agent of a passive
"[,,,,,]",getlex.php?coord=44406002060002&word=0,,,,,,,,,,,,,
",,,[,,,",getlex.php?coord=44406002050201&word=0,,,,,,,,,,,,,
(M,getlex.php?coord=44406002050102&word=1,prep.,,,,,with,"with, together with",at,"at the time of, during",,ˁm,prep.,"with | with, together with | at | at the time of, during"
qwd$,getlex.php?coord=44406002000308&word=3,n.m.,,,,,holiness,holiness,holy place,consecrated object,,qdwš,n.m.,holiness | holiness | holy place | consecrated object
(m),getlex.php?coord=44406002000307&word=7,n.m.,,,,,people,"related group of people, nation","people, folks",,,ˁm,n.m.,"people | related group of people, nation | people, folks"
dry,getlex.php?coord=44406002000307&word=2,n.m.,,,,,"age, generation; row","age, generation","row, rank",in various expressions of eternity,,dr,n.m.,"age, generation; row | age, generation | row, rank | in various expressions of eternity"
kwl,getlex.php?coord=44406002000306&word=7,n.(pr.),,,,,"all, every",alone preceding a noun (technically the construct state!) :,as a postpositive with resumptive pronominal suffixes,emphatic state :,,kl,n.(pr.),"all, every | alone preceding a noun (technically the construct state!) : | as a postpositive with resumptive pronominal suffixes | emphatic state :"
"])bwh,",getlex.php?coord=44406002000306&word=1,n.m.,,,,,father,father,"ancestor, forefather",ˀabbā,,ˀb,n.m.,"father | father | ancestor, forefather | ˀabbā"
)bhth?,getlex.php?coord=44406002000305&word=6,n.m.,,,,,father,father,"ancestor, forefather",ˀabbā,,ˀb,n.m.,"father | father | ancestor, forefather | ˀabbā"
btw]l?h,getlex.php?coord=44406002000305&word=1,prep.,,,,,"to, for",,,,,l_,prep.,"to, for"
)bwh,getlex.php?coord=44406002000303&word=6,,,,,,,,,,,,,
"[,,,,]t?)byN",getlex.php?coord=44406002000303&word=0,,,,,,,,,,,,,
",,,])",getlex.php?coord=44406002000302&word=2,,,,,,,,,,,,,
"[,,,",getlex.php?coord=44406002000301&word=0,,,,,,,,,,,,,
tr(y,getlex.php?coord=44406002000218&word=1,n.m.,,,,,gate,"gate, doorway","entrance, opening","of ""king"" or ""palace"" : royal court",,trˁ,n.m.,"gate | gate, doorway | entrance, opening | of ""king"" or ""palace"" : royal court"
(d,getlex.php?coord=44406002000217&word=2,conj.,,,,,until,until,"while, while still",before,,ˁd,conj.,"until | until | while, while still | before"
wxzyt,getlex.php?coord=44406002000216&word=2,"conj. vb. G D C Gt Ct ethpolal, ethpay/w c el",,,,,"and, also",to see,to see,(,,w_,"conj. vb. G D C Gt Ct ethpolal, ethpay/w c el","and, also | to see | to see | ("
xzywN,getlex.php?coord=44406002000215&word=2,n.m.,,,,,appearance; vision,"appearance, look","vision (dream, prophetic, etc.)",miracle,,ḥzw,n.m.,"appearance; vision | appearance, look | vision (dream, prophetic, etc.) | miracle"
)nh,getlex.php?coord=44406002000214&word=2,pron.,,,,,I,I,as enclitic subject marker with participles/adjectives,(philos.) Ego,,ˀnh,pron.,I | I | as enclitic subject marker with participles/adjectives | (philos.) Ego
mN,getlex.php?coord=44406002000213&word=0,prep.,,,,,from,from,partitive,indicating the agent of a passive,,mn,prep.,from | from | partitive | indicating the agent of a passive
(l,getlex.php?coord=44406002000212&word=0,prep.,,,,,upon; against; to,"upon, over, on to","against, over against","toward, to",,ˁl,prep.,"upon; against; to | upon, over, on to | against, over against | toward, to"
(bdK,getlex.php?coord=44406002000210&word=1,n.m.,,,,,servant,servant,,,,ˁbd,n.m.,servant | servant
dyN,getlex.php?coord=44406002000209&word=0,n.m.,,,,,judgment,court case,judgment,"justice, what is right",,dyn,n.m.,"judgment | court case | judgment | justice, what is right"
",,,",getlex.php?coord=44406002000207&word=2,,,,,,,,,,,,,
mry,getlex.php?coord=44406002000206&word=0,n.m.,,,,,"master, lord",master,owner,title of respect,,mry,n.m.,"master, lord | master | owner | title of respect"
wqrbny,getlex.php?coord=44406002000118&word=4,conj. n.m.,,,,,"and, also",sacrifice,sacrificial offering,gift,,w_,conj. n.m.,"and, also | sacrifice | sacrificial offering | gift"
kl,getlex.php?coord=44406002000117&word=5,n.(pr.),,,,,"all, every",alone preceding a noun (technically the construct state!) :,as a postpositive with resumptive pronominal suffixes,emphatic state :,,kl,n.(pr.),"all, every | alone preceding a noun (technically the construct state!) : | as a postpositive with resumptive pronominal suffixes | emphatic state :"
"[,,,",getlex.php?coord=44406002000117&word=0,,,,,,,,,,,,,
qdmyK,getlex.php?coord=44406002000115&word=4,prep.,,,,,before,before,as a substantive : front part,,,qdm,prep.,before | before | as a substantive : front part
wmnd(,getlex.php?coord=44406002000114&word=3,conj. n.m.,,,,,"and, also",intelligence,intelligence,"acquaintance, relative",,w_,conj. n.m.,"and, also | intelligence | intelligence | acquaintance, relative"
wznwt),getlex.php?coord=44406002000113&word=3,conj. n.f.,,,,,"and, also",harlotry,harlotry,fornication,,w_,conj. n.f.,"and, also | harlotry | harlotry | fornication"
])?rxt,getlex.php?coord=44406002000112&word=2,n.f.,,,,,"way, road",road,"way of life, behavior",normal human bodily activities,,ˀwrḥ,n.f.,"way, road | road | way of life, behavior | normal human bodily activities"
",,,",getlex.php?coord=44406002000111&word=1,,,,,,,,,,,,,
",,,",getlex.php?coord=44406002000110&word=1,,,,,,,,,,,,,
",,,",getlex.php?coord=44406002000109&word=1,,,,,,,,,,,,,
"[,,,",getlex.php?coord=44406002000108&word=0,,,,,,,,,,,,,
",,,",getlex.php?coord=44406002000107&word=1,,,,,,,,,,,,,
])?nh,getlex.php?coord=44406002000106&word=3,pron.,,,,,I,I,as enclitic subject marker with participles/adjectives,(philos.) Ego,,ˀnh,pron.,I | I | as enclitic subject marker with participles/adjectives | (philos.) Ego
",,,",getlex.php?coord=44406002000106&word=2,,,,,,,,,,,,,
",,,",getlex.php?coord=44406002000106&word=1,,,,,,,,,,,,,
",,,",getlex.php?coord=44406002000105&word=2,,,,,,,,,,,,,
"[,,,",getlex.php?coord=44406002000104&word=0,,,,,,,,,,,,,
"[,,,",getlex.php?coord=44406002000101&word=0,,,,,,,,,,,,,
]bkN,getlex.php?coord=44406001000502&word=4,adv.,,,,,then,"then, at that time in the past","so then, in that case (in the future)",,,bkn,adv.,"then | then, at that time in the past | so then, in that case (in the future)"
b*[r]$*(?),getlex.php?coord=44406001000501&word=2,,,,,,,,,,,,,
"[,,,,],,",getlex.php?coord=44406001000409&word=0,,,,,,,,,,,,,
",,,]",getlex.php?coord=44406001000407&word=5,,,,,,,,,,,,,
"bx$wK?[,,,]$?,,,",getlex.php?coord=44406001000406&word=3,prep.,,,,,"in, with",,,,,b_,prep.,"in, with"
t$bq[w]N?,getlex.php?coord=44406001000405&word=3,vb. a/u G D C Gt,,,,,to leave; to permit,"to leave, depart from",to leave something left over,"to abandon, leave alone",,šbq,vb. a/u G D C Gt,"to leave; to permit | to leave, depart from | to leave something left over | to abandon, leave alone"
)rw,getlex.php?coord=44406001000404&word=5,conj./inte,,,,,behold,presentative particle,"because, since",,,ˀrw,conj./inte,"behold | presentative particle | because, since"
x?wbt)?,getlex.php?coord=44406001000403&word=4,n.f.,,,,,"liability, obligation",obligation. liability,"sin, guilt",,,ḥwbh,n.f.,"liability, obligation | obligation. liability | sin, guilt"
",,,,],,K",getlex.php?coord=44406001000402&word=3,,,,,,,,,,,,,
]kN,getlex.php?coord=44406001000401&word=1,adv.,,,,,"thus, so","thus, so","then, after that (",see also s.vv.,,kn,adv.,"thus, so | thus, so | then, after that ( | see also s.vv."
]mN,getlex.php?coord=44406001000303&word=2,prep.,,,,,from,from,partitive,indicating the agent of a passive,,mn,prep.,from | from | partitive | indicating the agent of a passive
",,,",getlex.php?coord=44406001000302&word=1,,,,,,,,,,,,,
wmlk?yN,getlex.php?coord=44406001010215&word=2,conj. n.m.,,,,,"and, also",king,king,"provincial ruler (governor, satrap)",,w_,conj. n.m.,"and, also | king | king | provincial ruler (governor, satrap)"
",,,",getlex.php?coord=44406001010214&word=1,conj. n.m.,,,,,"and, also",servant,servant,,,w_,conj. n.m.,"and, also | servant | servant"
bspry),getlex.php?coord=44406001010212&word=2,prep. n.m.,,,,,"in, with",document,"document, written record",book,,b_,prep. n.m.,"in, with | document | document, written record | book"
ttnwN,getlex.php?coord=44406001010210&word=2,vb. a/e G Gt,,,,,to give; make into,to give,b_,":  to sell for, exchange for",,ntn,vb. a/e G Gt,"to give; make into | to give | b_ | :  to sell for, exchange for"
bzwyN,getlex.php?coord=44406001010209&word=4,,,,,,,,,,,,,
wmwsr,getlex.php?coord=44406001010208&word=5,conj. n.m.,,,,,"and, also","instruction, chastisement","instruction, chastisement",,,w_,conj. n.m.,"and, also | instruction, chastisement | instruction, chastisement"
w?q$T,getlex.php?coord=44406001010208&word=0,conj. n.m.,,,,,"and, also","honesty, truth","honesty, truth","justice, proper thing",,w_,conj. n.m.,"and, also | honesty, truth | honesty, truth | justice, proper thing"
xs[y]r?[,getlex.php?coord=44406001010207&word=1,adj.,,,,,"lacking, deficient","lacking, deficient",idioms,fem.pl. : necessary things,,ḥsyr,adj.,"lacking, deficient | lacking, deficient | idioms | fem.pl. : necessary things"
"y?[,,,,,",getlex.php?coord=44406001010205&word=3,,,,,,,,,,,,,
ngdh,getlex.php?coord=44406001010204&word=4,prep.,,,,,facing,"opposite, facing","equivalent, worth",,,ngd,prep.,"facing | opposite, facing | equivalent, worth"
$ymt?h,getlex.php?coord=44406001010203&word=2,n.f.,,,,,treasure; placement,treasure,"something placed (i.e.,= fem. p.p.)",,,symh,n.f.,"treasure; placement | treasure | something placed (i.e.,= fem. p.p.)"
",[,,,",getlex.php?coord=44406001010202&word=3,,,,,,,,,,,,,
wl),getlex.php?coord=44406001010201&word=4,conj. adv.,,,,,"and, also","no, not",no! (as interj.),not (preceding and negating a predicate),,w_,conj. adv.,"and, also | no, not | no! (as interj.) | not (preceding and negating a predicate)"
w(M,getlex.php?coord=44406001010121&word=3,conj. prep.,,,,,"and, also",with,"with, together with",at,,w_,conj. prep.,"and, also | with | with, together with | at"
]yd(yh,getlex.php?coord=44406001010120&word=1,n.m.,,,,,"information, sign","information, known thing","sign, indicator",,,ydˁ,n.m.,"information, sign | information, known thing | sign, indicator"
"[,,,,,]N?",getlex.php?coord=44406001010119&word=0,,,,,,,,,,,,,
rxmw]hy,getlex.php?coord=44406001010118&word=1,n.m.pl.t,,,,,mercy; prayer,mercy,"w. _ : as a gift (?), willingly (?)","favor, affection",,rḥmyn,n.m.pl.t,"mercy; prayer | mercy | w. _ : as a gift (?), willingly (?) | favor, affection"
yqr,getlex.php?coord=44406001010117&word=4,n.m.,,,,,honor,honor,"valuables, wealth",outside margin of a book,,yqr,n.m.,"honor | honor | valuables, wealth | outside margin of a book"
lnkry,getlex.php?coord=44406001010116&word=4,prep. adj.,,,,,"to, for",alien,"foreign, alien","strange, unusual",,l_,prep. adj.,"to, for | alien | foreign, alien | strange, unusual"
yhK,getlex.php?coord=44406001010115&word=6,vb. a/(a) G D C Gt Dt quad quad T,,,,,to go; D to walk,"to go, to proceed","to behave, act","to go, walk",,hlk,vb. a/(a) G D C Gt Dt quad quad T,"to go; D to walk | to go, to proceed | to behave, act | to go, walk"
l]h?,getlex.php?coord=44406001010115&word=1,prep.,,,,,"to, for",,,,,l_,prep.,"to, for"
g?b?r?,getlex.php?coord=44406001010114&word=2,n.m.,,,,,man,man,"person, someone",supernatural being,,gbr,n.m.,"man | man | person, someone | supernatural being"
tmxlw,getlex.php?coord=44406001010113&word=2,vb. a/u G C Gt,,,,,"to forgo, to remit","to forgo, cancel",to be weakened,to weaken,,mḥl,vb. a/u G C Gt,"to forgo, to remit | to forgo, cancel | to be weakened | to weaken"
xkmh,getlex.php?coord=44406001010112&word=2,n.f.,,,,,wisdom,wisdom,,,,ḥkmh,n.f.,wisdom | wisdom
mtyhb,getlex.php?coord=44406001010111&word=3,vb. a/a G C Gt,,,,,to give,to give,to place,"to permit, allow",,yhb,vb. a/a G C Gt,"to give | to give | to place | to permit, allow"
xkmh,getlex.php?coord=44406001010110&word=6,n.f.,,,,,wisdom,wisdom,,,,ḥkmh,n.f.,wisdom | wisdom
",,,",getlex.php?coord=44406001010110&word=1,,,,,,,,,,,,,
####,getlex.php?coord=44406001010109&word=2,,,,,,,,,,,,,
Tb,getlex.php?coord=44406001010108&word=4,adj.,,,,,good,"good, proper, appropriate","precious, valuable, of worth","(heart, mind) happy, feeling good",,ṭb,adj.,"good | good, proper, appropriate | precious, valuable, of worth | (heart, mind) happy, feeling good"
]cdqt),getlex.php?coord=44406001010107&word=3,n.f.,,,,,merit; benificence,"merit, righteousness",beneficence,,,ṣdqh,n.f.,"merit; benificence | merit, righteousness | beneficence"
kl,getlex.php?coord=44406001010106&word=2,n.(pr.),,,,,"all, every",alone preceding a noun (technically the construct state!) :,as a postpositive with resumptive pronominal suffixes,emphatic state :,,kl,n.(pr.),"all, every | alone preceding a noun (technically the construct state!) : | as a postpositive with resumptive pronominal suffixes | emphatic state :"
"[,,,",getlex.php?coord=44406001010105&word=0,,,,,,,,,,,,,
",,,",getlex.php?coord=44406001010103&word=1,,,,,,,,,,,,,
"[,,,",getlex.php?coord=44406001010102&word=0,,,,,,,,,,,,,
",,,",getlex.php?coord=44406001010105&word=1,,,,,,,,,,,,,
])?nwN,getlex.php?coord=44406001010103&word=2,pron.,,,,,"they, them",they,them (i.e. as independent object pronoun),as copula,,ˀnwn,pron.,"they, them | they | them (i.e. as independent object pronoun) | as copula"
",,,],",getlex.php?coord=44406001010106&word=1,,,,,,,,,,,,,
"[,,,",getlex.php?coord=44406001010107&word=0,,,,,,,,,,,,,
bry]k?h,getlex.php?coord=44406001010108&word=2,adj.,,,,,blessed,blessed (see note),euph.: smallpox,,,bryk,adj.,blessed | blessed (see note) | euph.: smallpox
wk(N,getlex.php?coord=44406001010109&word=3,conj. adv.,,,,,"and, also",now,now,(w./w.o.,,w_,conj. adv.,"and, also | now | now | (w./w.o."
(lM,getlex.php?coord=44406001010110&word=3,n.m.,,,,,eternity; world,eternity (usually as a,nomen rectum,),,ˁlm,n.m.,eternity; world | eternity (usually as a | nomen rectum | )
lb]s?rwN,getlex.php?coord=44406001010111&word=1,prep.,,,,,"to, for",,,,,l_,prep.,"to, for"
mws]r?,getlex.php?coord=44406001010112&word=1,n.m.,,,,,"instruction, chastisement","instruction, chastisement",,,,mwsr,n.m.,"instruction, chastisement | instruction, chastisement"
])?l,getlex.php?coord=44406001010113&word=1,adv.,,,,,not (prohibitive),not (prohibitive),,,,ˀl,adv.,not (prohibitive) | not (prohibitive)
)lP,getlex.php?coord=44406001010114&word=4,vb. e(a)/a G D C Gt Dt,,,,,to learn; D(C):  to teach,to learn,to teach (w. double object of learner and subject),to make accustomed to,,ˀlp,vb. e(a)/a G D C Gt Dt,to learn; D(C):  to teach | to learn | to teach (w. double object of learner and subject) | to make accustomed to
mt,getlex.php?coord=44406001010115&word=3,n.m.,,,,,region,"region, country","town, small city",,,mt,n.m.,"region | region, country | town, small city"
bh,getlex.php?coord=44406001010116&word=1,prep.,,,,,"in, with",,,,,b_,prep.,"in, with"
bh,getlex.php?coord=44406001010117&word=3,prep.,,,,,"in, with",,,,,b_,prep.,"in, with"
$g[y])yN,getlex.php?coord=44406001010118&word=2,adj./adv.,,,,,"many, much","many, much","enough, too much",(gram.) pl.:,,sgy,adj./adv.,"many, much | many, much | enough, too much | (gram.) pl.:"
mly,getlex.php?coord=44406001010119&word=2,n.f.,,,,,"word, speech; thing",word,thing [=Heb. דָּבָר],=Greek,,mlh,n.f.,"word, speech; thing | word | thing [=Heb. דָּבָר] | =Greek"
",,,",getlex.php?coord=44406001010121&word=1,,,,,,,,,,,,,
tr(yh,getlex.php?coord=44406001010201&word=3,n.m.,,,,,gate,"gate, doorway","entrance, opening","of ""king"" or ""palace"" : royal court",,trˁ,n.m.,"gate | gate, doorway | entrance, opening | of ""king"" or ""palace"" : royal court"
]wl)[,getlex.php?coord=44406001010202&word=4,conj. adv.,,,,,"and, also","no, not",no! (as interj.),not (preceding and negating a predicate),,w_,conj. adv.,"and, also | no, not | no! (as interj.) | not (preceding and negating a predicate)"
)yty,getlex.php?coord=44406001010204&word=1,vb./adv.,,,,,"there is, exists",there exists,with various prepositions,+ pron. suff. with nominal/adjectival predicates : as copula,,ˀyt,vb./adv.,"there is, exists | there exists | with various prepositions | + pron. suff. with nominal/adjectival predicates : as copula"
xkmh?[,getlex.php?coord=44406001010205&word=1,n.f.,,,,,wisdom,wisdom,,,,ḥkmh,n.f.,wisdom | wisdom
wl),getlex.php?coord=44406001010207&word=0,conj. adv.,,,,,"and, also","no, not",no! (as interj.),not (preceding and negating a predicate),,w_,conj. adv.,"and, also | no, not | no! (as interj.) | not (preceding and negating a predicate)"
wk(N,getlex.php?coord=44406001010208&word=2,,,,,,,,,,,,,
")l,[,,,",getlex.php?coord=44406001010209&word=2,,,,,,,,,,,,,
]rbh,getlex.php?coord=44406001010210&word=1,adj.,,,,,"great, big",large,"great, of major significance",(of age) : older,,rb,adj.,"great, big | large | great, of major significance | (of age) : older"
])P,getlex.php?coord=44406001010212&word=1,,,,,,,,,,,,,
]b,getlex.php?coord=44406001010214&word=2,,,,,,,,,,,,,
mlkw*tkN,getlex.php?coord=44406001010216&word=1,n.f.,,,,,kingdom,"kingship, reign","kingdom, realm (a political entity)",of heaven : the afterlife promised to the good or the imminent rule of God on earth,,mlkw,n.f.,"kingdom | kingship, reign | kingdom, realm (a political entity) | of heaven : the afterlife promised to the good or the imminent rule of God on earth"
",,,]l?[,])?",getlex.php?coord=44406001000301&word=1,,,,,,,,,,,,,
wk?wkby),getlex.php?coord=44406001000302&word=3,conj. n.m.,,,,,"and, also",star,(astron.) star,comet,,w_,conj. n.m.,"and, also | star | (astron.) star | comet"
"[,,,,,",getlex.php?coord=44406001000401&word=0,,,,,,,,,,,,,
qbl[,getlex.php?coord=44406001000402&word=2,n.m.,,,,,darkness,"darkness, gloom",,,,qbl,n.m.,"darkness | darkness, gloom"
]h?l),getlex.php?coord=44406001000404&word=1,adv.,,,,,affirmative/interrogative particle,affirmative/interrogative particle,introduces object clauses,"+ אם : unless, except for; i.e., = Heb. כי אם",,hlˀ,adv.,"affirmative/interrogative particle | affirmative/interrogative particle | introduces object clauses | + אם : unless, except for; i.e., = Heb. כי אם"
"[,,,,",getlex.php?coord=44406001000405&word=0,,,,,,,,,,,,,
]t?mxlwN,getlex.php?coord=44406001000406&word=1,vb. a/u G C Gt,,,,,"to forgo, to remit","to forgo, cancel",to be weakened,to weaken,,mḥl,vb. a/u G C Gt,"to forgo, to remit | to forgo, cancel | to be weakened | to weaken"
(lyk?N?[,getlex.php?coord=44406001000407&word=4,prep.,,,,,upon; against; to,"upon, over, on to","against, over against","toward, to",,ˁl,prep.,"upon; against; to | upon, over, on to | against, over against | toward, to"
thwwN,getlex.php?coord=44406001000408&word=3,vb. G C Gt Ct,,,,,"to be, to become",to be,"to endure, to exist","to come to pass, to happen",,hwy,vb. G C Gt Ct,"to be, to become | to be | to endure, to exist | to come to pass, to happen"
",,,](?m?h?w?N?",getlex.php?coord=44406001000501&word=1,,,,,,,,,,,,,
",,,],$nwN",getlex.php?coord=44406001000503&word=1,,,,,,,,,,,,,
",,,",getlex.php?coord=44406002000102&word=1,,,,,,,,,,,,,
",,,",getlex.php?coord=44406002000105&word=1,,,,,,,,,,,,,
wkl,getlex.php?coord=44406002000107&word=3,conj. n.(pr.),,,,,"and, also","all, every",alone preceding a noun (technically the construct state!) :,as a postpositive with resumptive pronominal suffixes,,w_,conj. n.(pr.),"and, also | all, every | alone preceding a noun (technically the construct state!) : | as a postpositive with resumptive pronominal suffixes"
kpy,getlex.php?coord=44406002000109&word=3,n.f.,,,,,palm; ladle,"palm, hand","spoon, ladle","sheaf, bundle (i.e., handful)",,kp,n.f.,"palm; ladle | palm, hand | spoon, ladle | sheaf, bundle (i.e., handful)"
)nth,getlex.php?coord=44406002000110&word=4,pron.,,,,,you (m.),you (m.),,,,ˀnt,pron.,you (m.) | you (m.)
"[,,,",getlex.php?coord=44406002000112&word=0,,,,,,,,,,,,,
",,,",getlex.php?coord=44406002000113&word=1,,,,,,,,,,,,,
x]kmh,getlex.php?coord=44406002000114&word=2,n.f.,,,,,wisdom,wisdom,,,,ḥkmh,n.f.,wisdom | wisdom
rxmyK,getlex.php?coord=44406002000115&word=3,n.m.pl.t,,,,,mercy; prayer,mercy,"w. _ : as a gift (?), willingly (?)","favor, affection",,rḥmyn,n.m.pl.t,"mercy; prayer | mercy | w. _ : as a gift (?), willingly (?) | favor, affection"
",,,",getlex.php?coord=44406002000117&word=1,,,,,,,,,,,,,
",,,",getlex.php?coord=44406002000118&word=1,,,,,,,,,,,,,
"l([,,,",getlex.php?coord=44406002000205&word=0,,,,,,,,,,,,,
dq[$T,getlex.php?coord=44406002000207&word=1,n.m.,,,,,"honesty, truth","honesty, truth","justice, proper thing",adv./interj.: truly!,,qšwṭ,n.m.,"honesty, truth | honesty, truth | justice, proper thing | adv./interj.: truly!"
l?k?[l,getlex.php?coord=44406002000209&word=2,prep. n.(pr.),,,,,"to, for","all, every",alone preceding a noun (technically the construct state!) :,as a postpositive with resumptive pronominal suffixes,,l_,prep. n.(pr.),"to, for | all, every | alone preceding a noun (technically the construct state!) : | as a postpositive with resumptive pronominal suffixes"
",,,",getlex.php?coord=44406002000209&word=3,,,,,,,,,,,,,
",,,",getlex.php?coord=44406002000209&word=4,,,,,,,,,,,,,
lbr,getlex.php?coord=44406002000210&word=0,prep. n.m.,,,,,"to, for",son,"son, child",member of the same cohort (,,l_,prep. n.m.,"to, for | son | son, child | member of the same cohort ("
mN q[dM,getlex.php?coord=44406002000210&word=2,prep./conj,,,,,"from before, in front of","from before, from being in  the presence of","before, in front of",in the presence of a condition -> due to,,mn qwdm,prep./conj,"from before, in front of | from before, from being in  the presence of | before, in front of | in the presence of a condition -> due to"
",,,,,",getlex.php?coord=44406002000210&word=3,,,,,,,,,,,,,
b)dyN,getlex.php?coord=44406002000211&word=0,conj.,,,,,then,then (past sequential),(future sequential),(gnomic present),,bˀdyn,conj.,then | then (past sequential) | (future sequential) | (gnomic present)
ngdt,getlex.php?coord=44406002000211&word=1,vb. i/u G D C Gt Dt,,,,,to draw towards oneself,(trans.): to draw something towards oneself; to stretch something,"(intr.): to be drawn out, extend","to flog, punish",,ngd,vb. i/u G D C Gt Dt,"to draw towards oneself | (trans.): to draw something towards oneself; to stretch something | (intr.): to be drawn out, extend | to flog, punish"
"b[,,,,,",getlex.php?coord=44406002000211&word=2,,,,,,,,,,,,,
)by,getlex.php?coord=44406002000212&word=1,n.m.,,,,,father,father,"ancestor, forefather",ˀabbā,,ˀb,n.m.,"father | father | ancestor, forefather | ˀabbā"
y(qwb,getlex.php?coord=44406002000212&word=2,,,,,,,,,,,,,
",,,,,",getlex.php?coord=44406002000212&word=4,,,,,,,,,,,,,
([l,getlex.php?coord=44406002000214&word=3,prep.,,,,,upon; against; to,"upon, over, on to","against, over against","toward, to",,ˁl,prep.,"upon; against; to | upon, over, on to | against, over against | toward, to"
",,,,,",getlex.php?coord=44406002000215&word=4,,,,,,,,,,,,,
txwty,getlex.php?coord=44406002000217&word=0,prep.,,,,,under; instead of,under,instead of,fig. : subject to,,tḥwt,prep.,under; instead of | under | instead of | fig. : subject to
$my),getlex.php?coord=44406002000218&word=2,n.m.pl.t.,,,,,heaven; ceiling,heaven,"roof, ceiling",,,šmyn,n.m.pl.t.,"heaven; ceiling | heaven | roof, ceiling"
",,,",getlex.php?coord=44406002000301&word=2,,,,,,,,,,,,,
mkt$*y,getlex.php?coord=44406002000302&word=5,,,,,,,,,,,,,
$mh,getlex.php?coord=44406002000303&word=4,conj. n.m.,,,,,"and, also",name,name,"fame, reputation",,w_,conj. n.m.,"and, also | name | name | fame, reputation"
"[,,,",getlex.php?coord=44406002000305&word=0,,,,,,,,,,,,,
w)bh?tt?,getlex.php?coord=44406002000305&word=7,conj. vb. e/a(u) G D C Gt Dt,,,,,"and, also",to be ashamed,to be ashamed,w. ܡܢ : to be moved emotionally by,,w_,conj. vb. e/a(u) G D C Gt Dt,"and, also | to be ashamed | to be ashamed | w. ܡܢ : to be moved emotionally by"
$M,getlex.php?coord=44406002000306&word=4,n.m.,,,,,name,name,"fame, reputation",absolute preceding a noun,,šm,n.m.,"name | name | fame, reputation | absolute preceding a noun"
"[,,,,]l?,$?",getlex.php?coord=44406002000307&word=0,,,,,,,,,,,,,
mN,getlex.php?coord=44406002000307&word=6,prep.,,,,,from,from,partitive,indicating the agent of a passive,,mn,prep.,from | from | partitive | indicating the agent of a passive
qrbN,getlex.php?coord=44406002000308&word=4,n.m.,,,,,sacrifice,sacrificial offering,gift,,,qwrbn,n.m.,sacrifice | sacrificial offering | gift
"[,,,,],",getlex.php?coord=44406002050102&word=0,,,,,,,,,,,,,
"[,,,],mt[,,,",getlex.php?coord=44406002050202&word=0,,,,,,,,,,,,,
"[,,,",getlex.php?coord=44406003010001&word=0,,,,,,,,,,,,,
"[,,,",getlex.php?coord=44406003010002&word=0,,,,,,,,,,,,,
)dyN,getlex.php?coord=44406003010002&word=6,conj./adv.,,,,,"then, at that time","then, at that time",,,,ˀdyn,conj./adv.,"then, at that time | then, at that time"
l),getlex.php?coord=44406003010003&word=7,adv.,,,,,"no, not",no! (as interj.),not (preceding and negating a predicate),"compounded with adjectives, nouns, abstracts, and adverbs  ='un-', 'non', 'in-'",,lˀ,adv.,"no, not | no! (as interj.) | not (preceding and negating a predicate) | compounded with adjectives, nouns, abstracts, and adverbs  ='un-', 'non', 'in-'"
)by,getlex.php?coord=44406003010004&word=5,n.m.,,,,,father,father,"ancestor, forefather",ˀabbā,,ˀb,n.m.,"father | father | ancestor, forefather | ˀabbā"
yhb,getlex.php?coord=44406003010005&word=5,vb. a/a G C Gt,,,,,to give,to give,to place,"to permit, allow",,yhb,vb. a/a G C Gt,"to give | to give | to place | to permit, allow"
"[,,,",getlex.php?coord=44406004010001&word=2,,,,,,,,,,,,,
"[,,,",getlex.php?coord=44406004010003&word=0,,,,,,,,,,,,,
",,,",getlex.php?coord=44406004010004&word=3,,,,,,,,,,,,,
",,,",getlex.php?coord=44406004010005&word=3,,,,,,,,,,,,,
",,,]ls,[",getlex.php?coord=44406004010007&word=1,,,,,,,,,,,,,
"[,,,",getlex.php?coord=44406004020002&word=0,,,,,,,,,,,,,
"[,,,",getlex.php?coord=44406004020003&word=0,,,,,,,,,,,,,
ytxzy,getlex.php?coord=44406004020004&word=3,"vb. G D C Gt Ct ethpolal, ethpay/w c el",,,,,to see,to see,(,metaph. as in European languages,,ḥzy,"vb. G D C Gt Ct ethpolal, ethpay/w c el",to see | to see | ( | metaph. as in European languages
"[,,,",getlex.php?coord=44406004020006&word=0,,,,,,,,,,,,,
"[,,,",getlex.php?coord=44406004020007&word=0,,,,,,,,,,,,,
lh]N?[,getlex.php?coord=44406004020008&word=2,conj.,,,,,"but, except that",but,,,,lhn,conj.,"but, except that | but"
",,,",getlex.php?coord=44406004020009&word=1,,,,,,,,,,,,,
",,,",getlex.php?coord=44406004020010&word=1,,,,,,,,,,,,,
"b)?,[,,,,,",getlex.php?coord=44406004030001&word=3,,,,,,,,,,,,,
"h?[,,,,,",getlex.php?coord=44406004030002&word=5,,,,,,,,,,,,,
"],,l?[,,,",getlex.php?coord=44406004030004&word=1,,,,,,,,,,,,,
]wgbry[,getlex.php?coord=44406004040002&word=2,conj. n.m.,,,,,"and, also",man,man,"person, someone",,w_,conj. n.m.,"and, also | man | man | person, someone"
"h?[,,,",getlex.php?coord=44406004040003&word=3,,,,,,,,,,,,,
",,,]y?N",getlex.php?coord=44406004050001&word=1,,,,,,,,,,,,,
",,,",getlex.php?coord=44406004050002&word=4,,,,,,,,,,,,,
])Tb,getlex.php?coord=44406004050004&word=2,vb. a/u G D C Dt,,,,,to be(come) good,to be(come) good,to do good,"to make good, well, proper",,ṭwb,vb. a/u G D C Dt,"to be(come) good | to be(come) good | to do good | to make good, well, proper"
",,,",getlex.php?coord=44406004050005&word=3,,,,,,,,,,,,,
"[,,,",getlex.php?coord=44406005010001&word=0,,,,,,,,,,,,,
mdbx),getlex.php?coord=44406005010002&word=1,n.m.,,,,,altar,altar,"small church, sanctuary [=",byt mdbḥˀ,,mdbḥ,n.m.,"altar | altar | small church, sanctuary [= | byt mdbḥˀ"
",,,]h?",getlex.php?coord=44406005020101&word=1,,,,,,,,,,,,,
",,,]y()",getlex.php?coord=44406005020103&word=1,,,,,,,,,,,,,
]b?$nt,getlex.php?coord=44406005020105&word=2,prep. n.f.,,,,,"in, with",year,year,,,b_,prep. n.f.,"in, with | year | year"
l),getlex.php?coord=44406005020202&word=0,adv.,,,,,"no, not",no! (as interj.),not (preceding and negating a predicate),"compounded with adjectives, nouns, abstracts, and adverbs  ='un-', 'non', 'in-'",,lˀ,adv.,"no, not | no! (as interj.) | not (preceding and negating a predicate) | compounded with adjectives, nouns, abstracts, and adverbs  ='un-', 'non', 'in-'"
",,,",getlex.php?coord=44406005020203&word=2,,,,,,,,,,,,,
"w?[,,,,,",getlex.php?coord=44406005020205&word=3,,,,,,,,,,,,,
"[,,,",getlex.php?coord=44406006010001&word=0,,,,,,,,,,,,,
]k?wl,getlex.php?coord=44406006010002&word=2,n.(pr.),,,,,"all, every",alone preceding a noun (technically the construct state!) :,as a postpositive with resumptive pronominal suffixes,emphatic state :,,kl,n.(pr.),"all, every | alone preceding a noun (technically the construct state!) : | as a postpositive with resumptive pronominal suffixes | emphatic state :"
",,,]s?",getlex.php?coord=44406006020001&word=1,,,,,,,,,,,,,
")[,,,",getlex.php?coord=44406006020002&word=3,,,,,,,,,,,,,
$m?h?[thN,getlex.php?coord=44406006020003&word=4,n.m.,,,,,name,name,"fame, reputation",absolute preceding a noun,,šm,n.m.,"name | name | fame, reputation | absolute preceding a noun"
wtkkh?[,getlex.php?coord=44406006020004&word=3,conj. n.m.,,,,,"and, also",a type of tree,(bot.) a type of tree,,,w_,conj. n.m.,"and, also | a type of tree | (bot.) a type of tree"
dy,getlex.php?coord=44406006020005&word=4,,,,,,,,,,,,,
",[,,],[,,",getlex.php?coord=44406006020006&word=3,,,,,,,,,,,,,
"[,,,",getlex.php?coord=44406006020008&word=0,,,,,,,,,,,,,
",,,]N?",getlex.php?coord=44406006050101&word=1,,,,,,,,,,,,,
l)brhM?,getlex.php?coord=44406006050102&word=4,prep.,,,,,"to, for",,,,,l_,prep.,"to, for"
"[,,,",getlex.php?coord=44406006050104&word=0,,,,,,,,,,,,,
(]r?),getlex.php?coord=44406006050105&word=2,n.m.,,,,,"tamarisk (?), laurel (?)",(bot.) tamarisk,name of a vine or root,,,ˁr,n.m.,"tamarisk (?), laurel (?) | (bot.) tamarisk | name of a vine or root"
b$r[),getlex.php?coord=44406006070001&word=2,n.m.,,,,,flesh,flesh,penis,+,,bsr,n.m.,flesh | flesh | penis | +
dy,getlex.php?coord=44406021011&word=1,,,,,,,,,,,,,
rb),getlex.php?coord=44406021012&word=3,adj.,,,,,"great, big",large,"great, of major significance",(of age) : older,,rb,adj.,"great, big | large | great, of major significance | (of age) : older"
t(ml,getlex.php?coord=44406021032&word=2,vb. a/a G C Gt,,,,,to labor,to labor,to make weary,to impose labor on a person,,ˁml,vb. a/a G C Gt,to labor | to labor | to make weary | to impose labor on a person
(l[m),getlex.php?coord=44406021033&word=2,n.m.,,,,,eternity; world,eternity (usually as a,nomen rectum,),,ˁlm,n.m.,eternity; world | eternity (usually as a | nomen rectum | )
",,,]M",getlex.php?coord=44406021073&word=0,,,,,,,,,,,,,
",,,]$lM",getlex.php?coord=44406021082&word=0,n.m.,,,,,wellbeing; peace,"wellbeing, safety",peace,,,šlm,n.m.,"wellbeing; peace | wellbeing, safety | peace"
",,,]l)",getlex.php?coord=44406021302&word=0,adv.,,,,,"no, not",no! (as interj.),not (preceding and negating a predicate),"compounded with adjectives, nouns, abstracts, and adverbs  ='un-', 'non', 'in-'",,lˀ,adv.,"no, not | no! (as interj.) | not (preceding and negating a predicate) | compounded with adjectives, nouns, abstracts, and adverbs  ='un-', 'non', 'in-'"
",,,],,,[,,,",getlex.php?coord=44406021304&word=0,,,,,,,,,,,,,
"b?[,,,,],",getlex.php?coord=44406001000503&word=5,,,,,,,,,,,,,
)nh,getlex.php?coord=44406021083&word=1,pron.,,,,,I,I,as enclitic subject marker with participles/adjectives,(philos.) Ego,,ˀnh,pron.,I | I | as enclitic subject marker with participles/adjectives | (philos.) Ego
",,,]N",getlex.php?coord=44406021083&word=0,,,,,,,,,,,,,
wkl,getlex.php?coord=44406021082&word=1,conj. n.(pr.),,,,,"and, also","all, every",alone preceding a noun (technically the construct state!) :,as a postpositive with resumptive pronominal suffixes,,w_,conj. n.(pr.),"and, also | all, every | alone preceding a noun (technically the construct state!) : | as a postpositive with resumptive pronominal suffixes"
w)nh,getlex.php?coord=44406021081&word=2,conj. pron.,,,,,"and, also",I,I,as enclitic subject marker with participles/adjectives,,w_,conj. pron.,"and, also | I | I | as enclitic subject marker with participles/adjectives"
)nth,getlex.php?coord=44406021071&word=2,n.f.,,,,,"woman, wife",woman,wife,,,ˀnth,n.f.,"woman, wife | woman | wife"
wzmnyN,getlex.php?coord=44406021032&word=3,conj. n.f./m.,,,,,"and, also",set time; instance,set time,instance,,w_,conj. n.f./m.,"and, also | set time; instance | set time | instance"
khnwt,getlex.php?coord=44406021012&word=2,n.f.,,,,,priesthood,priesthood,,,,khnw,n.f.,priesthood | priesthood
",,,",getlex.php?coord=44406006070002&word=1,,,,,,,,,,,,,
",,,]l?t?,,,",getlex.php?coord=44406006050106&word=1,,,,,,,,,,,,,
wsygdh?,getlex.php?coord=44406006050104&word=3,conj. n.m.,,,,,"and, also",a type of tree,(bot.) a type of tree,,,w_,conj. n.m.,"and, also | a type of tree | (bot.) a type of tree"
xzyt,getlex.php?coord=44406006050102&word=3,"vb. G D C Gt Ct ethpolal, ethpay/w c el",,,,,to see,to see,(,metaph. as in European languages,,ḥzy,"vb. G D C Gt Ct ethpolal, ethpay/w c el",to see | to see | ( | metaph. as in European languages
",,,,",getlex.php?coord=44406006020008&word=5,,,,,,,,,,,,,
mdbx),getlex.php?coord=44406006020007&word=4,n.m.,,,,,altar,altar,"small church, sanctuary [=",byt mdbḥˀ,,mdbḥ,n.m.,"altar | altar | small church, sanctuary [= | byt mdbḥˀ"
)l?N?,getlex.php?coord=44406006020006&word=1,pron.,,,,,these (m. and f.),these,,,,ˀlyn,pron.,these (m. and f.) | these
",,,",getlex.php?coord=44406006020004&word=4,,,,,,,,,,,,,
",,,",getlex.php?coord=44406006020003&word=1,,,,,,,,,,,,,
"[,,,]N",getlex.php?coord=44406006020001&word=2,,,,,,,,,,,,,
lbyK,getlex.php?coord=44406006010002&word=3,n.m.,,,,,heart; mind,(anat.) heart,mind,"center, core",,lb,n.m.,"heart; mind | (anat.) heart | mind | center, core"
",,,",getlex.php?coord=44406005020207&word=1,,,,,,,,,,,,,
bny?,getlex.php?coord=44406005020205&word=1,n.m.,,,,,son,"son, child",member of the same cohort (,see also 'compounds' 3.2),,br,n.m.,"son | son, child | member of the same cohort ( | see also 'compounds' 3.2)"
",,,",getlex.php?coord=44406005020202&word=2,,,,,,,,,,,,,
"[,,,",getlex.php?coord=44406005020107&word=0,,,,,,,,,,,,,
"[,,,",getlex.php?coord=44406005020104&word=0,,,,,,,,,,,,,
",,,",getlex.php?coord=44406005010003&word=1,,,,,,,,,,,,,
")[,,,",getlex.php?coord=44406005010001&word=3,,,,,,,,,,,,,
",,zyN[,,,",getlex.php?coord=44406004050006&word=2,,,,,,,,,,,,,
"h?[,,,",getlex.php?coord=44406004050004&word=3,,,,,,,,,,,,,
"[,,,",getlex.php?coord=44406004050002&word=3,,,,,,,,,,,,,
"k,[,,,",getlex.php?coord=44406004040004&word=3,,,,,,,,,,,,,
",,,]h",getlex.php?coord=44406004040003&word=1,,,,,,,,,,,,,
",,,",getlex.php?coord=44406004040001&word=2,,,,,,,,,,,,,
^dy?^,getlex.php?coord=44406004030002&word=4,,,,,,,,,,,,,
",,,,,",getlex.php?coord=44406004020010&word=5,,,,,,,,,,,,,
xmr,getlex.php?coord=44406004020009&word=4,n.m.,,,,,wine,wine,,,,ḥmr,n.m.,wine | wine
k]mstN,getlex.php?coord=44406004020008&word=3,prep.,,,,,equivalent to,"equivalent to, adequate for",as conj: -ד : in order that,,,kmst,prep.,"equivalent to | equivalent to, adequate for | as conj: -ד : in order that"
(M,getlex.php?coord=44406004020007&word=3,prep.,,,,,with,"with, together with",at,"at the time of, during",,ˁm,prep.,"with | with, together with | at | at the time of, during"
",,,",getlex.php?coord=44406004020006&word=1,,,,,,,,,,,,,
w)l,getlex.php?coord=44406004020004&word=2,conj. adv.,,,,,"and, also",not (prohibitive),not (prohibitive),,,w_,conj. adv.,"and, also | not (prohibitive) | not (prohibitive)"
",,,",getlex.php?coord=44406004020002&word=5,,,,,,,,,,,,,
"[,,,",getlex.php?coord=44406004020001&word=2,,,,,,,,,,,,,
",,,",getlex.php?coord=44406004010006&word=3,,,,,,,,,,,,,
",,,",getlex.php?coord=44406004010005&word=1,,,,,,,,,,,,,
",,,])s?[,,,",getlex.php?coord=44406004010003&word=1,,,,,,,,,,,,,
"[,,,",getlex.php?coord=44406004010001&word=0,,,,,,,,,,,,,
(?l?m?y?)?[,getlex.php?coord=44406003010006&word=3,n.m.,,,,,eternity; world,eternity (usually as a,nomen rectum,),,ˁlm,n.m.,eternity; world | eternity (usually as a | nomen rectum | )
l)]l?,getlex.php?coord=44406003010006&word=2,prep. div.,,,,,"to, for",El,El,,,l_,prep. div.,"to, for | El | El"
",,,",getlex.php?coord=44406003010006&word=1,,,,,,,,,,,,,
bnwhy,getlex.php?coord=44406003010005&word=4,n.m.,,,,,son,"son, child",member of the same cohort (,see also 'compounds' 3.2),,br,n.m.,"son | son, child | member of the same cohort ( | see also 'compounds' 3.2)"
mN,getlex.php?coord=44406003010005&word=3,prep.,,,,,from,from,partitive,indicating the agent of a passive,,mn,prep.,from | from | partitive | indicating the agent of a passive
"[,,,",getlex.php?coord=44406003010005&word=0,,,,,,,,,,,,,
)n$,getlex.php?coord=44406003010003&word=6,n.m.,,,,,"person, someone","person, someone","Man, humanity (usually in the emphatic)","often in the absolute state (i.e., as a pronoun, even in Eastern Aramaic):",,ˀnš,n.m.,"person, someone | person, someone | Man, humanity (usually in the emphatic) | often in the absolute state (i.e., as a pronoun, even in Eastern Aramaic):"
$nty,getlex.php?coord=44406003010002&word=5,n.f.,,,,,sleep,sleep,dream,,,šnh,n.f.,sleep | sleep | dream
kl,getlex.php?coord=44406003010001&word=4,n.(pr.),,,,,"all, every",alone preceding a noun (technically the construct state!) :,as a postpositive with resumptive pronominal suffixes,emphatic state :,,kl,n.(pr.),"all, every | alone preceding a noun (technically the construct state!) : | as a postpositive with resumptive pronominal suffixes | emphatic state :"
"[,,,,",getlex.php?coord=44406002060001&word=0,,,,,,,,,,,,,
",[,,],,",getlex.php?coord=44406002050102&word=2,,,,,,,,,,,,,
"w?x?[,,,",getlex.php?coord=44406002000308&word=1,,,,,,,,,,,,,
lkl,getlex.php?coord=44406002000307&word=1,prep. n.(pr.),,,,,"to, for","all, every",alone preceding a noun (technically the construct state!) :,as a postpositive with resumptive pronominal suffixes,,l_,prep. n.(pr.),"to, for | all, every | alone preceding a noun (technically the construct state!) : | as a postpositive with resumptive pronominal suffixes"
mtmx),getlex.php?coord=44406002000306&word=3,vb. G D C Gt Dt,,,,,to strike,to strike,to make any movement involving a sudden and/or strong impact,usually w.,,mḥy,vb. G D C Gt Dt,to strike | to strike | to make any movement involving a sudden and/or strong impact | usually w.
w$M?,getlex.php?coord=44406002000305&word=5,conj. n.m.,,,,,"and, also",name,name,"fame, reputation",,w_,conj. n.m.,"and, also | name | name | fame, reputation"
"[,,,,,,,,,,,,,,,,,,,,]",getlex.php?coord=44406002000304&word=0,,,,,,,,,,,,,
"y*[,]l*w",getlex.php?coord=44406002000302&word=4,n.m.,,,,,man,man,"person, someone",supernatural being,,gbr,n.m.,"man | man | person, someone | supernatural being"
",,,,,",getlex.php?coord=44406002000218&word=5,,,,,,,,,,,,,
l$my[),getlex.php?coord=44406002000217&word=4,prep. n.m.pl.t.,,,,,"to, for",heaven; ceiling,heaven,"roof, ceiling",,l_,prep. n.m.pl.t.,"to, for | heaven; ceiling | heaven | roof, ceiling"
xzwy),getlex.php?coord=44406002000216&word=1,n.m.,,,,,appearance; vision,"appearance, look","vision (dream, prophetic, etc.)",miracle,,ḥzw,n.m.,"appearance; vision | appearance, look | vision (dream, prophetic, etc.) | miracle"
",,,,",getlex.php?coord=44406002000214&word=4,,,,,,,,,,,,,
wkd[y,getlex.php?coord=44406002000212&word=3,conj. conj.,,,,,"and, also",when,when,just as,,w_,conj. conj.,"and, also | when | when | just as"
clwt,getlex.php?coord=44406002000208&word=0,n.f.,,,,,prayer,prayer,same as ܒܸܝܬ ܨ܊,,,ṣlw,n.f.,prayer | prayer | same as ܒܸܝܬ ܨ܊
b?[rkt,getlex.php?coord=44406002000206&word=1,vb. a/a(u) G D C Dt,,,,,to bow; D to bless,to bow,(knee) to bend,"to bless, sanctify through blessing",,brk,vb. a/a(u) G D C Dt,"to bow; D to bless | to bow | (knee) to bend | to bless, sanctify through blessing"
(]ly,getlex.php?coord=44406002000118&word=2,prep.,,,,,upon; against; to,"upon, over, on to","against, over against","toward, to",,ˁl,prep.,"upon; against; to | upon, over, on to | against, over against | toward, to"
w])?l,getlex.php?coord=44406002000117&word=2,conj. adv.,,,,,"and, also",not (prohibitive),not (prohibitive),,,w_,conj. adv.,"and, also | not (prohibitive) | not (prohibitive)"
l)]$kxh,getlex.php?coord=44406002000115&word=2,prep. vb. a/a G C Gt Ct,,,,,"to, for",to find; to be capable,to find,"w. infinitive : to be able to, capable of",,l_,prep. vb. a/a G C Gt Ct,"to, for | to find; to be capable | to find | w. infinitive : to be able to, capable of"
dx),getlex.php?coord=44406002000113&word=4,vb. G D Gt Dt,,,,,"to push away, put off","to push away, to repel",to knock down,"to supersede, to suspend",,dḥy,vb. G D Gt Dt,"to push away, put off | to push away, to repel | to knock down | to supersede, to suspend"
",,,",getlex.php?coord=44406002000112&word=1,,,,,,,,,,,,,
])mrt,getlex.php?coord=44406002000110&word=2,vb. a/a G Gt,,,,,to say,to say,to command,"to say to oneself, to have a thought",,ˀmr,vb. a/a G Gt,"to say | to say | to command | to say to oneself, to have a thought"
",,,",getlex.php?coord=44406002000108&word=1,,,,,,,,,,,,,
"[,,,",getlex.php?coord=44406002000105&word=0,,,,,,,,,,,,,
kl,getlex.php?coord=44406001000503&word=4,n.(pr.),,,,,"all, every",alone preceding a noun (technically the construct state!) :,as a postpositive with resumptive pronominal suffixes,emphatic state :,,kl,n.(pr.),"all, every | alone preceding a noun (technically the construct state!) : | as a postpositive with resumptive pronominal suffixes | emphatic state :"
",,,]b?)ykN",getlex.php?coord=44406001000502&word=1,,,,,,,,,,,,,
l$plyN,getlex.php?coord=44406001000408&word=4,prep. adj.,,,,,"to, for",humble; low,humble,low,,l_,prep. adj.,"to, for | humble; low | humble | low"
x?[$]wkh,getlex.php?coord=44406001000407&word=2,n.f.,,,,,darkness,darkness,,,,ḥšwkh,n.f.,darkness | darkness
$?byly,getlex.php?coord=44406001000405&word=5,n.m.,,,,,path,path,trace,"(astron.) course, orbit",,šbyl,n.m.,"path | path | trace | (astron.) course, orbit"
w(lykN,getlex.php?coord=44406001000404&word=3,conj. prep.,,,,,"and, also",upon; against; to,"upon, over, on to","against, over against",,w_,conj. prep.,"and, also | upon; against; to | upon, over, on to | against, over against"
w(l,getlex.php?coord=44406001000403&word=1,conj. prep.,,,,,"and, also",upon; against; to,"upon, over, on to","against, over against",,w_,conj. prep.,"and, also | upon; against; to | upon, over, on to | against, over against"
tx$kwN[,getlex.php?coord=44406001000401&word=2,vb. e/a (u/u) G D C Dt,,,,,to be darkened,to grow dark,"(of eyes) to fail, grow dim",to darken (trans.),,ḥšk,vb. e/a (u/u) G D C Dt,"to be darkened | to grow dark | (of eyes) to fail, grow dim | to darken (trans.)"
$]h?r),getlex.php?coord=44406001000302&word=2,n.m./f.,,,,,the Moon,Sehr (the moon god),the Moon,(chem.) silver,,shr,n.m./f.,the Moon | Sehr (the moon god) | the Moon | (chem.) silver
wl),getlex.php?coord=44406001010217&word=1,conj. adv.,,,,,"and, also","no, not",no! (as interj.),not (preceding and negating a predicate),,w_,conj. adv.,"and, also | no, not | no! (as interj.) | not (preceding and negating a predicate)"
w?dN?[,getlex.php?coord=44406001010214&word=0,,,,,,,,,,,,,
###,getlex.php?coord=44406001010211&word=2,,,,,,,,,,,,,
]t?rtwN,getlex.php?coord=44406001010209&word=6,vb. i/a G C Gt,,,,,to inherit,to inherit,to take possession,to bequeath,,yrt,vb. i/a G C Gt,to inherit | to inherit | to take possession | to bequeath
]s*pr,getlex.php?coord=44406001010208&word=4,n.m.,,,,,document,"document, written record",book,letter,,spr,n.m.,"document | document, written record | book | letter"
",,,]x?",getlex.php?coord=44406001010207&word=3,,,,,,,,,,,,,
xk]mth?,getlex.php?coord=44406001010205&word=2,n.f.,,,,,wisdom,wisdom,,,,ḥkmh,n.f.,wisdom | wisdom
",[,,,]d,[,,,",getlex.php?coord=44406001010203&word=3,,,,,,,,,,,,,
mN,getlex.php?coord=44406001000503&word=3,prep.,,,,,,,,,,mn,prep.,
bkN,getlex.php?coord=44406001000503&word=2,adv.,,,,,,,,,,bkn,adv.,
"[,,,",getlex.php?coord=44406001000503&word=0,,,,,,,,,,,,,
"yry[,,,",getlex.php?coord=44406001000502&word=3,,,,,,,,,,,,,
)dyN,getlex.php?coord=44406001000502&word=2,conj./adv.,,,,,,,,,,ˀdyn,conj./adv.,
"[,,,",getlex.php?coord=44406001000502&word=0,,,,,,,,,,,,,
"[,,,,",getlex.php?coord=44406001000501&word=0,,,,,,,,,,,,,
"[,,,,,]l?",getlex.php?coord=44406002060003&word=0,,,,,,,,,,,,,
",,,]by",getlex.php?coord=44406021303&word=0,,,,,,,,,,,,,
",,,]w$lM",getlex.php?coord=44406021081&word=0,conj. n.m.,,,,,,,,,,w_,conj. n.m.,
",,,]nt)",getlex.php?coord=44406021071&word=0,,,,,,,,,,,,,
",,,]q*rb)",getlex.php?coord=44406021031&word=0,n.m.,,,,,,,,,,qrb,n.m.,
"[,,,",getlex.php?coord=44406021011&word=4,,,,,,,,,,,,,
",,,",getlex.php?coord=44406006070001&word=3,,,,,,,,,,,,,
"[,,,",getlex.php?coord=44406006050105&word=0,,,,,,,,,,,,,
]kdN,getlex.php?coord=44406006050102&word=2,adv.,,,,,,,,,,kdyn,adv.,
",,,]",getlex.php?coord=44406006020008&word=1,,,,,,,,,,,,,
l?mdb?x?[)],getlex.php?coord=44406006020006&word=2,prep. n.m.,,,,,,,,,,l_,prep. n.m.,
",,,",getlex.php?coord=44406006020004&word=5,,,,,,,,,,,,,
"[,,,",getlex.php?coord=44406006020003&word=0,,,,,,,,,,,,,
"[,,,",getlex.php?coord=44406006020001&word=0,,,,,,,,,,,,,
"[,,,",getlex.php?coord=44406006010002&word=0,,,,,,,,,,,,,
x?zyt,getlex.php?coord=44406005020206&word=0,"vb. G D C Gt Ct ethpolal, ethpay/w c el",,,,,,,,,,ḥzy,"vb. G D C Gt Ct ethpolal, ethpay/w c el",
")?[,,,",getlex.php?coord=44406005020203&word=1,,,,,,,,,,,,,
",,,]y?()",getlex.php?coord=44406005020106&word=1,,,,,,,,,,,,,
](lwhy,getlex.php?coord=44406005020102&word=2,prep.,,,,,,,,,,ˁl,prep.,
"w?k?[,,,",getlex.php?coord=44406005010002&word=3,,,,,,,,,,,,,
",,,",getlex.php?coord=44406004050007&word=1,,,,,,,,,,,,,
",,,",getlex.php?coord=44406004050004&word=4,,,,,,,,,,,,,
##,getlex.php?coord=44406004050002&word=2,,,,,,,,,,,,,
",,,",getlex.php?coord=44406004040004&word=1,,,,,,,,,,,,,
"[,,,",getlex.php?coord=44406004040002&word=0,,,,,,,,,,,,,
mN,getlex.php?coord=44406004030003&word=1,prep.,,,,,,,,,,mn,prep.,
mN,getlex.php?coord=44406004030001&word=1,prep.,,,,,,,,,,mn,prep.,
",,,",getlex.php?coord=44406004020009&word=6,,,,,,,,,,,,,
####,getlex.php?coord=44406004020008&word=4,,,,,,,,,,,,,
w$drt?[,getlex.php?coord=44406004020006&word=4,conj. n.f.,,,,,,,,,,w_,conj. n.f.,
"[,,,",getlex.php?coord=44406004020005&word=0,,,,,,,,,,,,,
",,,",getlex.php?coord=44406004020003&word=1,,,,,,,,,,,,,
",,,",getlex.php?coord=44406004010007&word=3,,,,,,,,,,,,,
",,,",getlex.php?coord=44406004010005&word=4,,,,,,,,,,,,,
",,,",getlex.php?coord=44406004010002&word=3,,,,,,,,,,,,,
y(qwb,getlex.php?coord=44406003010004&word=4,,,,,,,,,,,,,
)P,getlex.php?coord=44406003010003&word=2,conj.,,,,,,,,,,ˀp,conj.,
b$r?[),getlex.php?coord=44406003010001&word=5,n.m.,,,,,,,,,,bsr,n.m.,
",,,",getlex.php?coord=44406002050201&word=1,,,,,,,,,,,,,
"[,,,",getlex.php?coord=44406002050101&word=0,,,,,,,,,,,,,
qdy$y?N?,getlex.php?coord=44406002000307&word=5,adj.,,,,,,,,,,qdyš,adj.,
xsdh,getlex.php?coord=44406002000306&word=5,adj.,,,,,,,,,,ḥsy,adj.,
$mh,getlex.php?coord=44406002000305&word=4,n.m.,,,,,,,,,,šm,n.m.,
w$M,getlex.php?coord=44406002000303&word=5,n.m.,,,,,,,,,,ˀb,n.m.,
nq[b]t*)[,getlex.php?coord=44406002000302&word=1,vb. C Gt,,,,,,,,,,šbˁ,vb. C Gt,
",,,,",getlex.php?coord=44406002000217&word=5,,,,,,,,,,,,,
bxzwt,getlex.php?coord=44406002000216&word=0,prep. n.f.,,,,,,,,,,b_,prep. n.f.,
",,,",getlex.php?coord=44406002000213&word=3,,,,,,,,,,,,,
",,,",getlex.php?coord=44406002000208&word=2,,,,,,,,,,,,,
",,,",getlex.php?coord=44406002000205&word=1,,,,,,,,,,,,,
by,getlex.php?coord=44406002000117&word=4,prep.,,,,,,,,,,b_,prep.,
"[,,,",getlex.php?coord=44406002000116&word=0,,,,,,,,,,,,,
"[,,,",getlex.php?coord=44406002000114&word=0,,,,,,,,,,,,,
yd(,getlex.php?coord=44406002000111&word=4,vb. a/a G C Gt Ct quad quad T,,,,,,,,,,ydˁ,vb. a/a G C Gt Ct quad quad T,
wydy,getlex.php?coord=44406002000109&word=4,conj. n.f.,,,,,,,,,,w_,conj. n.f.,
)trx(]t,getlex.php?coord=44406002000107&word=2,vb. G,,,,,,,,,,rḥˁ,vb. G,
",,,",getlex.php?coord=44406002000103&word=1,,,,,,,,,,,,,
tt),getlex.php?coord=44406001000407&word=3,vb. G D C Ct,,,,,,,,,,ˀty,vb. G D C Ct,
m?kl,getlex.php?coord=44406001000405&word=4,prep. n.(pr.),,,,,,,,,,mn,prep. n.(pr.),
"[,,,,",getlex.php?coord=44406001000404&word=0,,,,,,,,,,,,,
"[,,,,,])",getlex.php?coord=44406001000402&word=0,,,,,,,,,,,,,
"[,,,",getlex.php?coord=44406001000303&word=0,,,,,,,,,,,,,
]t(br,getlex.php?coord=44406001010218&word=1,vb. a/a G D C Gt Dt Ct,,,,,,,,,,ˁbr,vb. a/a G D C Gt Dt Ct,
"t,[,,,],[,,,]N?",getlex.php?coord=44406001010216&word=0,,,,,,,,,,,,,
"qr?[,,,",getlex.php?coord=44406001010213&word=0,,,,,,,,,,,,,
)nwN,getlex.php?coord=44406001010209&word=7,pron.,,,,,,,,,,ˀnwn,pron.,
"[,,,",getlex.php?coord=44406001010208&word=1,,,,,,,,,,,,,
",,,",getlex.php?coord=44406001010206&word=2,,,,,,,,,,,,,
[k]l?,getlex.php?coord=44406001010204&word=2,n.(pr.),,,,,,,,,,kl,n.(pr.),
$wryh,getlex.php?coord=44406001010202&word=2,n.m.,,,,,,,,,,šwr,n.m.,
mTmwryh,getlex.php?coord=44406001010201&word=0,n.m.,,,,,,,,,,mṭmwr,n.m.,
"[,,,,,",getlex.php?coord=44406001010120&word=0,,,,,,,,,,,,,
w?$)ly,getlex.php?coord=44406001010118&word=3,conj. vb. i/a G D C Gt Dt,,,,,,,,,,w_,conj. vb. i/a G D C Gt Dt,
y]h?byN,getlex.php?coord=44406001010117&word=1,vb. a/a G C Gt,,,,,,,,,,yhb,vb. a/a G C Gt,
"[,,,,],",getlex.php?coord=44406001010116&word=0,,,,,,,,,,,,,
"[,,,",getlex.php?coord=44406001010115&word=0,,,,,,,,,,,,,
lm)lP,getlex.php?coord=44406001010113&word=4,prep. vb. e(a)/a G D C Gt Dt,,,,,,,,,,l_,prep. vb. e(a)/a G D C Gt Dt,
"[,,,",getlex.php?coord=44406001010112&word=0,,,,,,,,,,,,,
"[,,,",getlex.php?coord=44406001010111&word=0,,,,,,,,,,,,,
"[,,,",getlex.php?coord=44406001010110&word=0,,,,,,,,,,,,,
m(l,getlex.php?coord=44406001010108&word=6,vb. a/u G D C Dt Ct,,,,,,,,,,ˁll,vb. a/u G D C Dt Ct,
",,,",getlex.php?coord=44406001010107&word=2,,,,,,,,,,,,,
])nh,getlex.php?coord=44406001010105&word=2,pron.,,,,,,,,,,ˀnh,pron.,
bh,getlex.php?coord=44406001010102&word=3,prep.,,,,,,,,,,b_,prep.,
wq$T),getlex.php?coord=44406001010107&word=4,conj. n.m.,,,,,,,,,,w_,conj. n.m.,
"[,,,",getlex.php?coord=44406001010108&word=0,,,,,,,,,,,,,
]myt,getlex.php?coord=44406001010102&word=2,vb. i/u G C Ct palpel,,,,,,,,,,mwt,vb. i/u G C Ct palpel,
dzr(,getlex.php?coord=44406001010108&word=3,vb. a/a G C Gt,,,,,,,,,,zrˁ,vb. a/a G C Gt,
wxkmh,getlex.php?coord=44406001010109&word=6,conj. n.f.,,,,,,,,,,w_,conj. n.f.,
wl$yTw,getlex.php?coord=44406001010111&word=2,conj. prep. n.f.,,,,,,,,,,w_,conj. prep. n.f.,
wlrbw,getlex.php?coord=44406001010112&word=4,conj. prep. n.f.,,,,,,,,,,w_,conj. prep. n.f.,
dy,getlex.php?coord=44406001010114&word=3,,,,,,,,,,,,,
lh,getlex.php?coord=44406001010115&word=7,prep.,,,,,,,,,,l_,prep.,
bdy,getlex.php?coord=44406001010117&word=5,conj.,,,,,,,,,,bdy,conj.,
rbr?b?y?N?,getlex.php?coord=44406001010118&word=5,adj.,,,,,,,,,,rb,adj.,
"[,,,",getlex.php?coord=44406001010121&word=0,,,,,,,,,,,,,
"[,,,,,",getlex.php?coord=44406001010201&word=5,,,,,,,,,,,,,
wl),getlex.php?coord=44406001010204&word=0,conj. adv.,,,,,,,,,,w_,conj. adv.,
",,,",getlex.php?coord=44406001010206&word=3,,,,,,,,,,,,,
x?[k]mh,getlex.php?coord=44406001010209&word=0,n.f.,,,,,,,,,,ḥkmh,n.f.,
"[,,,",getlex.php?coord=44406001010211&word=0,,,,,,,,,,,,,
w(bdyN,getlex.php?coord=44406001010214&word=3,,,,,,,,,,,,,
"l?)?,[,,",getlex.php?coord=44406001010218&word=0,,,,,,,,,,,,,
",,,",getlex.php?coord=44406001000303&word=1,,,,,,,,,,,,,
"[,,,,,]n)",getlex.php?coord=44406001000403&word=0,,,,,,,,,,,,,
yd(wnh,getlex.php?coord=44406001000404&word=6,vb. a/a G C Gt Ct quad quad T,,,,,,,,,,ydˁ,vb. a/a G C Gt Ct quad quad T,
dy,getlex.php?coord=44406001000407&word=1,,,,,,,,,,,,,
"[,,,",getlex.php?coord=44406002000103&word=0,,,,,,,,,,,,,
]nTlt,getlex.php?coord=44406002000108&word=2,vb. a/u G D C Gt Dt,,,,,,,,,,nṭl,vb. a/u G D C Gt Dt,
mry,getlex.php?coord=44406002000110&word=3,n.m.,,,,,,,,,,mry,n.m.,
)rxq,getlex.php?coord=44406002000112&word=4,vb. /a(u) G D C Dt,,,,,,,,,,rḥq,vb. /a(u) G D C Dt,
"[,,,",getlex.php?coord=44406002000115&word=0,,,,,,,,,,,,,
t$lT,getlex.php?coord=44406002000117&word=3,"vb. a/a, e/u G D C Dt Ct",,,,,,,,,,šlṭ,"vb. a/a, e/u G D C Dt Ct",
lkh,getlex.php?coord=44406002000118&word=6,prep.,,,,,,,,,,l_,prep.,
(b[dK,getlex.php?coord=44406002000208&word=1,n.m.,,,,,,,,,,ˁbd,n.m.,
wytbt,getlex.php?coord=44406002000214&word=1,conj. vb. i/i G D C Dt Ct,,,,,,,,,,w_,conj. vb. i/i G D C Dt Ct,
",,,,",getlex.php?coord=44406002000216&word=4,,,,,,,,,,,,,
xd[,getlex.php?coord=44406002000218&word=4,num.,,,,,,,,,,ḥd,num.,
])nth,getlex.php?coord=44406002000303&word=2,conj. vb. G D C Dt,,,,,,,,,,w_,conj. vb. G D C Dt,
lkl,getlex.php?coord=44406002000305&word=8,prep. n.(pr.),,,,,,,,,,l_,prep. n.(pr.),
l(lM,getlex.php?coord=44406002000306&word=9,adv.,,,,,,,,,,lˁlm,adv.,
]m?($r,getlex.php?coord=44406002000308&word=2,n.m.,,,,,,,,,,mˁsr,n.m.,
(lm),getlex.php?coord=44406002050103&word=2,n.m.,,,,,,,,,,ˁlm,n.m.,
",,,",getlex.php?coord=44406003010001&word=6,,,,,,,,,,,,,
dN,getlex.php?coord=44406003010003&word=3,pron.,,,,,,,,,,dyn,pron.,
m($r,getlex.php?coord=44406003010004&word=6,vb. D C Dt,,,,,,,,,,ˁsr,vb. D C Dt,
r]g?lyK?[,getlex.php?coord=44406004010004&word=2,n.f.,,,,,,,,,,rgl,n.f.,
",,,",getlex.php?coord=44406004010006&word=4,,,,,,,,,,,,,
r]g?lyK,getlex.php?coord=44406004020002&word=2,n.f.,,,,,,,,,,rgl,n.f.,
"[,,,",getlex.php?coord=44406004020004&word=0,,,,,,,,,,,,,
",,,,,",getlex.php?coord=44406004020006&word=5,,,,,,,,,,,,,
",,,",getlex.php?coord=44406004020008&word=1,,,,,,,,,,,,,
(bdK,getlex.php?coord=44406004020010&word=3,n.m.,,,,,,,,,,ˁbd,n.m.,
dy,getlex.php?coord=44406004030002&word=1,,,,,,,,,,,,,
"[,,,",getlex.php?coord=44406004040001&word=0,,,,,,,,,,,,,
"[,,,",getlex.php?coord=44406004040004&word=0,,,,,,,,,,,,,
"[,,,",getlex.php?coord=44406004050003&word=0,,,,,,,,,,,,,
"[,,,",getlex.php?coord=44406004050006&word=0,,,,,,,,,,,,,
",,,",getlex.php?coord=44406005010001&word=4,,,,,,,,,,,,,
"[,,,",getlex.php?coord=44406005020102&word=0,,,,,,,,,,,,,
",,,],,,",getlex.php?coord=44406005020107&word=1,,,,,,,,,,,,,
"p?l?[,,,",getlex.php?coord=44406005020204&word=1,,,,,,,,,,,,,
"ky[,,,,,",getlex.php?coord=44406006010001&word=3,,,,,,,,,,,,,
"[,,,",getlex.php?coord=44406006020002&word=0,,,,,,,,,,,,,
",,,",getlex.php?coord=44406006020003&word=6,,,,,,,,,,,,,
)nw?N,getlex.php?coord=44406006020005&word=3,pron.,,,,,,,,,,ˀnwn,pron.,
wtwb?[,getlex.php?coord=44406006020007&word=5,conj. adv.,,,,,,,,,,w_,conj. adv.,
"[,,,",getlex.php?coord=44406006050103&word=0,,,,,,,,,,,,,
",,,",getlex.php?coord=44406006050105&word=1,,,,,,,,,,,,,
",,,",getlex.php?coord=44406006070001&word=4,,,,,,,,,,,,,
"[,,,",getlex.php?coord=44406021012&word=6,,,,,,,,,,,,,
",,,",getlex.php?coord=44406021033&word=0,,,,,,,,,,,,,
"[,,,",getlex.php?coord=44406021081&word=3,,,,,,,,,,,,,
",,,",getlex.php?coord=44406005020207&word=2,,,,,,,,,,,,,
"],,,,",getlex.php?coord=44406001000409&word=2,,,,,,,,,,,,,
",,,],,,[,,,",getlex.php?coord=44406021084&word=0,,,,,,,,,,,,,
(d,getlex.php?coord=44406021071&word=1,prep.,,,,,,,,,,ˁd,prep.,
",,,$,,,[,,,",getlex.php?coord=44406001000409&word=1,,,,,,,,,,,,,
mlkwt,getlex.php?coord=44406021012&word=1,n.f.,,,,,,,,,,mlkw,n.f.,
"[,,,",getlex.php?coord=44406006050106&word=0,,,,,,,,,,,,,
"[,,,",getlex.php?coord=44406006050102&word=0,,,,,,,,,,,,,
](?l,getlex.php?coord=44406006020007&word=2,prep.,,,,,,,,,,ˁl,prep.,
brwt),getlex.php?coord=44406006020004&word=2,n.m.,,,,,,,,,,brwt,n.m.,
"[,,,,,",getlex.php?coord=44406006020001&word=3,,,,,,,,,,,,,
",,,]myN",getlex.php?coord=44406006010001&word=1,,,,,,,,,,,,,
",,,",getlex.php?coord=44406005020202&word=3,,,,,,,,,,,,,
"[,,,",getlex.php?coord=44406005020105&word=0,,,,,,,,,,,,,
####,getlex.php?coord=44406005010002&word=2,,,,,,,,,,,,,
"l$?[,,,",getlex.php?coord=44406004050005&word=2,,,,,,,,,,,,,
",,,",getlex.php?coord=44406004050001&word=3,,,,,,,,,,,,,
"[,,,",getlex.php?coord=44406004040003&word=0,,,,,,,,,,,,,
n?$y)[,getlex.php?coord=44406004030003&word=2,n.f.,,,,,,,,,,ˀnth,n.f.,
"[,,,",getlex.php?coord=44406004020010&word=0,,,,,,,,,,,,,
wk?l?h?[N,getlex.php?coord=44406004020007&word=5,conj. n.(pr.),,,,,,,,,,w_,conj. n.(pr.),
",,,,,",getlex.php?coord=44406004020005&word=4,,,,,,,,,,,,,
r)$),getlex.php?coord=44406004020003&word=3,n.m.,,,,,,,,,,ryš,n.m.,
",,,",getlex.php?coord=44406004010007&word=2,,,,,,,,,,,,,
"[,,,",getlex.php?coord=44406004010004&word=0,,,,,,,,,,,,,
",,,",getlex.php?coord=44406003010004&word=1,,,,,,,,,,,,,
)t(yrt,getlex.php?coord=44406003010002&word=3,vb. a/i(u?) G D C Gt Dt Ct palpel quad,,,,,,,,,,ˁyr,vb. a/i(u?) G D C Gt Dt Ct palpel quad,
m),getlex.php?coord=44406002060001&word=2,pron.,,,,,,,,,,mh,pron.,
l)l,getlex.php?coord=44406002000308&word=5,prep. n.m.,,,,,,,,,,l_,prep. n.m.,
(mh{)},getlex.php?coord=44406002000306&word=8,prep.,,,,,,,,,,ˁm,prep.,
xblt,getlex.php?coord=44406002000305&word=3,"vb. a/a, a/u G D C Gt Dt",,,,,,,,,,ḥbl,"vb. a/a, a/u G D C Gt Dt",
"xwb[,,,",getlex.php?coord=44406002000303&word=1,n.f.,,,,,,,,,,ˀnth,n.f.,
ly,getlex.php?coord=44406002000218&word=0,prep.,,,,,,,,,,l_,prep.,
)dyN,getlex.php?coord=44406002000215&word=1,conj./adv.,,,,,,,,,,ˀdyn,conj./adv.,
",,,",getlex.php?coord=44406002000208&word=3,,,,,,,,,,,,,
lmhw),getlex.php?coord=44406002000118&word=5,prep. vb. G C Gt Ct,,,,,,,,,,l_,prep. vb. G C Gt Ct,
wdTb,getlex.php?coord=44406002000116&word=3,conj. adj.,,,,,,,,,,w_,conj. adj.,
b])y$^)^,getlex.php?coord=44406002000113&word=2,adj.,,,,,,,,,,byš,adj.,
"[,,,",getlex.php?coord=44406002000111&word=0,,,,,,,,,,,,,
"[,,,",getlex.php?coord=44406002000106&word=0,,,,,,,,,,,,,
",,,",getlex.php?coord=44406002000101&word=1,,,,,,,,,,,,,
q^$^T),getlex.php?coord=44406001000405&word=2,n.m.,,,,,,,,,,qšwṭ,n.m.,
mN,getlex.php?coord=44406001000403&word=2,prep.,,,,,,,,,,mn,prep.,
"[,,,",getlex.php?coord=44406001000304&word=0,,,,,,,,,,,,,
r)$yN,getlex.php?coord=44406001010213&word=2,n.m.,,,,,,,,,,ryš,n.m.,
dy,getlex.php?coord=44406001010209&word=5,,,,,,,,,,,,,
",,,",getlex.php?coord=44406001010207&word=2,,,,,,,,,,,,,
mxyr,getlex.php?coord=44406001010204&word=3,n.m.,,,,,,,,,,mḥyr,n.m.,
y(lwN,getlex.php?coord=44406001010201&word=2,vb. a/u G D C Dt Ct,,,,,,,,,,ˁll,vb. a/u G D C Dt Ct,
w$ymh,getlex.php?coord=44406001010120&word=2,conj. n.f.,,,,,,,,,,w_,conj. n.f.,
cbyN,getlex.php?coord=44406001010117&word=7,vb. G C Gt,,,,,,,,,,ṣby,vb. G C Gt,
dm) bh,getlex.php?coord=44406001010116&word=3,vb. G D C Dt Ct,,,,,,,,,,dmy,vb. G D C Dt Ct,
kl,getlex.php?coord=44406001010114&word=6,n.(pr.),,,,,,,,,,kl,n.(pr.),
"[,,,",getlex.php?coord=44406001010113&word=0,,,,,,,,,,,,,
yqr,getlex.php?coord=44406001010110&word=7,n.m.,,,,,,,,,,yqr,n.m.,
",,,]h",getlex.php?coord=44406001010109&word=1,,,,,,,,,,,,,
",,,",getlex.php?coord=44406001010102&word=1,,,,,,,,,,,,,
]l?b?ny,getlex.php?coord=44406001010104&word=2,prep. n.m.,,,,,,,,,,l_,prep. n.m.,
zm?[nyN],getlex.php?coord=44406001000408&word=2,n.f./m.,,,,,,,,,,zmn,n.f./m.,
]k?(N,getlex.php?coord=44406001000408&word=1,adv.,,,,,,,,,,kˁn,adv.,
"[,,,,]z,[,,,",getlex.php?coord=44406001000408&word=0,,,,,,,,,,,,,
w?th?kwN,getlex.php?coord=44406001000407&word=6,,,,,,,,,,,,,
"[,,,,,],",getlex.php?coord=44406001000407&word=0,,,,,,,,,,,,,
wthkwN,getlex.php?coord=44406001000406&word=2,conj. vb. a/(a) G D C Gt Dt quad quad T,,,,,,,,,,w_,conj. vb. a/(a) G D C Gt Dt quad quad T,
"[,,,,,",getlex.php?coord=44406001000406&word=0,,,,,,,,,,,,,
wly,getlex.php?coord=44406003010005&word=2,conj. prep.,,,,,,,,,,w_,conj. prep.,
",,,[,,,",getlex.php?coord=44406021302&word=2,,,,,,,,,,,,,
",,,",getlex.php?coord=44406021032&word=5,,,,,,,,,,,,,
tlytyN,getlex.php?coord=44406021011&word=3,adj.,,,,,,,,,,tlyty,adj.,
wdp]rn),getlex.php?coord=44406006050104&word=2,conj. n.m.,,,,,,,,,,w_,conj. n.m.,
"[,,,",getlex.php?coord=44406006050101&word=0,,,,,,,,,,,,,
)?lN,getlex.php?coord=44406006020005&word=2,pron.,,,,,,,,,,ˀlyn,pron.,
((yN,getlex.php?coord=44406006020002&word=2,n.m.,,,,,,,,,,ˀˁ,n.m.,
"t,,xw[,",getlex.php?coord=44406005020206&word=1,,,,,,,,,,,,,
w?mdyt)?,getlex.php?coord=44406005020201&word=0,conj. n.f.,,,,,,,,,,w_,conj. n.f.,
"[,,,",getlex.php?coord=44406005020101&word=0,,,,,,,,,,,,,
",,,",getlex.php?coord=44406004050006&word=3,,,,,,,,,,,,,
"[,,,",getlex.php?coord=44406004050001&word=2,,,,,,,,,,,,,
",,,",getlex.php?coord=44406004040002&word=1,,,,,,,,,,,,,
)rw,getlex.php?coord=44406004030001&word=0,conj./inte,,,,,,,,,,ˀrw,conj./inte,
",,,,,",getlex.php?coord=44406004020008&word=6,,,,,,,,,,,,,
ydy)[,getlex.php?coord=44406004020005&word=3,n.f.,,,,,,,,,,yd,n.f.,
",,,",getlex.php?coord=44406004020002&word=1,,,,,,,,,,,,,
]mdbx[,getlex.php?coord=44406004010005&word=2,n.m.,,,,,,,,,,mdbḥ,n.m.,
h?wh,getlex.php?coord=44406003010004&word=3,vb. G C Gt Ct,,,,,,,,,,hwy,vb. G C Gt Ct,
",,,",getlex.php?coord=44406003010002&word=1,,,,,,,,,,,,,
"[,,,",getlex.php?coord=44406002050103&word=0,,,,,,,,,,,,,
(lm),getlex.php?coord=44406002000307&word=3,n.m.,,,,,,,,,,ˁlm,n.m.,
wkl,getlex.php?coord=44406002000304&word=2,,,,,,,,,,,,,
"[,,,]mN",getlex.php?coord=44406002000302&word=0,,,,,,,,,,,,,
$m[y),getlex.php?coord=44406002000216&word=3,n.m.pl.t.,,,,,,,,,,šmyn,n.m.pl.t.,
)bl myN,getlex.php?coord=44406002000213&word=1,,,,,,,,,,,,,
mry,getlex.php?coord=44406002000118&word=3,n.m.,,,,,,,,,,mry,n.m.,
",,,",getlex.php?coord=44406002000116&word=1,,,,,,,,,,,,,
blxwdyK,getlex.php?coord=44406002000111&word=3,prep.,,,,,,,,,,blḥwdy,prep.,
l$my),getlex.php?coord=44406002000108&word=3,prep. n.m.pl.t.,,,,,,,,,,l_,prep. n.m.pl.t.,
hl),getlex.php?coord=44406001000402&word=1,adv.,,,,,,,,,,hlˀ,adv.,
(mmy),getlex.php?coord=44406001000301&word=3,n.m.,,,,,,,,,,ˁm,n.m.,
"th?w*)*[,,,]d?",getlex.php?coord=44406001010217&word=0,vb. G C Gt Ct,,,,,,,,,,hwy,vb. G C Gt Ct,
]yqr,getlex.php?coord=44406001010211&word=1,n.m.,,,,,,,,,,yqr,n.m.,
"b(l?[,,,,",getlex.php?coord=44406001010207&word=5,,,,,,,,,,,,,
",[,,,,,",getlex.php?coord=44406001010204&word=5,,,,,,,,,,,,,
y$kxwN,getlex.php?coord=44406001010202&word=0,vb. a/a G C Gt Ct,,,,,,,,,,škḥ,vb. a/a G C Gt Ct,
xk?m?t?h?,getlex.php?coord=44406001010119&word=3,n.f.,,,,,,,,,,ḥkmh,n.f.,
lh,getlex.php?coord=44406001010117&word=2,prep.,,,,,,,,,,l_,prep.,
wmdynh,getlex.php?coord=44406001010115&word=4,conj. n.f.,,,,,,,,,,w_,conj. n.f.,
wlmlkyN,getlex.php?coord=44406001010112&word=5,conj. prep. n.m.,,,,,,,,,,w_,conj. prep. n.m.,
)lP,getlex.php?coord=44406001010110&word=5,vb. e(a)/a G D C Gt Dt,,,,,,,,,,ˀlp,vb. e(a)/a G D C Gt Dt,
Tb,getlex.php?coord=44406001010108&word=5,adj.,,,,,,,,,,ṭb,adj.,
l?k?N,getlex.php?coord=44406001010105&word=3,prep.,,,,,,,,,,l_,prep.,
"[,,,",getlex.php?coord=44406001010101&word=0,,,,,,,,,,,,,
dy,getlex.php?coord=44406001010110&word=4,,,,,,,,,,,,,
",,,",getlex.php?coord=44406001010104&word=1,,,,,,,,,,,,,
bny?,getlex.php?coord=44406001010111&word=6,n.m.,,,,,,,,,,br,n.m.,
xkmh,getlex.php?coord=44406001010114&word=5,n.f.,,,,,,,,,,ḥkmh,n.f.,
"[,,,,",getlex.php?coord=44406001010117&word=0,,,,,,,,,,,,,
T?bh,getlex.php?coord=44406001010120&word=3,adj.,,,,,,,,,,ṭb,adj.,
",,,",getlex.php?coord=44406001010202&word=5,,,,,,,,,,,,,
mnh[,getlex.php?coord=44406001010206&word=1,prep.,,,,,,,,,,mn,prep.,
"y,[,,,",getlex.php?coord=44406001010210&word=0,,,,,,,,,,,,,
]l?[$]hrh,getlex.php?coord=44406001000304&word=2,prep. n.m./f.,,,,,,,,,,l_,prep. n.m./f.,
"[,,,",getlex.php?coord=44406002000107&word=0,,,,,,,,,,,,,
q$T,getlex.php?coord=44406002000112&word=3,n.m.,,,,,,,,,,qšwṭ,n.m.,
qdmyK,getlex.php?coord=44406002000116&word=4,prep.,,,,,,,,,,qdm,prep.,
",,,",getlex.php?coord=44406002000207&word=3,,,,,,,,,,,,,
rM,getlex.php?coord=44406002000217&word=1,adj.,,,,,,,,,,rm,adj.,
gbry),getlex.php?coord=44406002000302&word=6,,,,,,,,,,,,,
"[,,,,",getlex.php?coord=44406002000306&word=0,,,,,,,,,,,,,
mN,getlex.php?coord=44406002000308&word=6,,,,,,,,,,,,,
rb*ytK,getlex.php?coord=44406003010001&word=2,"vb. a/e, i/e G D C Gt Dt",,,,,,,,,,rby,"vb. a/e, i/e G D C Gt Dt",
",,,",getlex.php?coord=44406004010001&word=3,,,,,,,,,,,,,
",,,",getlex.php?coord=44406004010006&word=1,,,,,,,,,,,,,
[l]q?[dmyN,getlex.php?coord=44406004020003&word=4,adv.,,,,,,,,,,lqdmyn,adv.,
qrby),getlex.php?coord=44406004020007&word=4,n.m.,,,,,,,,,,qrbyn,n.m.,
bs[rK,getlex.php?coord=44406004020010&word=4,n.m.,,,,,,,,,,bsr,n.m.,
",,,",getlex.php?coord=44406004040002&word=4,,,,,,,,,,,,,
"[,,,",getlex.php?coord=44406004050004&word=0,,,,,,,,,,,,,
)lN,getlex.php?coord=44406005010001&word=2,pron.,,,,,,,,,,ˀlyn,pron.,
",,,",getlex.php?coord=44406005020105&word=1,,,,,,,,,,,,,
s?pr?,getlex.php?coord=44406005020205&word=2,n.m.,,,,,,,,,,spr,n.m.,
",,,",getlex.php?coord=44406006020002&word=4,,,,,,,,,,,,,
",[,,,,,",getlex.php?coord=44406006020005&word=5,,,,,,,,,,,,,
l])?sq),getlex.php?coord=44406006050103&word=2,prep. vb. e/a(u) G D C Dt Ct,,,,,,,,,,l_,prep. vb. e/a(u) G D C Dt Ct,
mN,getlex.php?coord=44406006070001&word=0,prep.,,,,,,,,,,mn,prep.,
t[nwx,getlex.php?coord=44406021032&word=4,vb. a/u G D C Ct,,,,,,,,,,nwḥ,vb. a/u G D C Ct,
lznw,getlex.php?coord=44406021302&word=1,prep. n.f.,,,,,,,,,,l_,prep. n.f.,
####,getlex.php?coord=44406002060002&word=1,,,,,,,,,,,,,
",,,]",getlex.php?coord=44406021013&word=0,,,,,,,,,,,,,
mN,getlex.php?coord=44406021012&word=4,prep.,,,,,,,,,,mn,prep.,
thw),getlex.php?coord=44406001000403&word=3,vb. G C Gt Ct,,,,,,,,,,hwy,vb. G C Gt Ct,
"[,,,],,,",getlex.php?coord=44406006070002&word=0,,,,,,,,,,,,,
m?[l]y?xN?,getlex.php?coord=44406006020008&word=3,adj.,,,,,,,,,,mlyḥ,adj.,
",,,",getlex.php?coord=44406006020003&word=5,,,,,,,,,,,,,
",,,",getlex.php?coord=44406006010002&word=1,,,,,,,,,,,,,
kdy,getlex.php?coord=44406005020101&word=2,conj.,,,,,,,,,,kd,conj.,
",,,",getlex.php?coord=44406004050004&word=1,,,,,,,,,,,,,
"]l?[,,,",getlex.php?coord=44406004030004&word=2,,,,,,,,,,,,,
"[,,,",getlex.php?coord=44406004020009&word=5,,,,,,,,,,,,,
",,,])",getlex.php?coord=44406004020005&word=1,,,,,,,,,,,,,
"[,,,",getlex.php?coord=44406004020001&word=0,,,,,,,,,,,,,
"[,,,",getlex.php?coord=44406004010002&word=0,,,,,,,,,,,,,
])mrt,getlex.php?coord=44406002060001&word=1,vb. a/a G Gt,,,,,,,,,,ˀmr,vb. a/a G Gt,
"wm?[,,,]t?,",getlex.php?coord=44406002000307&word=4,,,,,,,,,,,,,
wth?l?l?,getlex.php?coord=44406002000303&word=3,n.m.,,,,,,,,,,šm,n.m.,
##,getlex.php?coord=44406002000215&word=0,,,,,,,,,,,,,
",,,",getlex.php?coord=44406002000206&word=3,,,,,,,,,,,,,
wgbwrh,getlex.php?coord=44406002000114&word=4,conj. n.f.,,,,,,,,,,w_,conj. n.f.,
"[,,,",getlex.php?coord=44406002000109&word=0,,,,,,,,,,,,,
"[,,,",getlex.php?coord=44406001000302&word=0,,,,,,,,,,,,,
khnyN,getlex.php?coord=44406001010215&word=1,n.m.,,,,,,,,,,khn,n.m.,
xzyt,getlex.php?coord=44406001010209&word=3,,,,,,,,,,,,,
b(),getlex.php?coord=44406001010205&word=0,vb. G D Gt Dt,,,,,,,,,,bˁy,vb. G D Gt Dt,
"[,,,",getlex.php?coord=44406001010121&word=4,,,,,,,,,,,,,
kl),getlex.php?coord=44406001010117&word=6,n.(pr.),,,,,,,,,,kl,n.(pr.),
xkmt),getlex.php?coord=44406001010113&word=3,n.f.,,,,,,,,,,ḥkmh,n.f.,
"[,,,",getlex.php?coord=44406001010103&word=0,,,,,,,,,,,,,
",,,",getlex.php?coord=44406001010108&word=1,,,,,,,,,,,,,
